"c,r",0.7575000000000001;0.76,0.56;0.5625,6.2499999999997335e-06,0.001,1,1
"c,r",0.75;0.7525,0.9450000000000001;0.9475,6.2499999999997335e-06,0.001,0,1
"c,r",0.5675000000000001;0.5700000000000001,1.1425;1.145,6.2499999999997335e-06,0.001,0,1
"c,r",0.875;0.8775,0.8725;0.875,6.2499999999997335e-06,0.001,0,1
"c,r",0.8200000000000001;0.8225,0.8200000000000001;0.8225,6.2499999999997335e-06,0.001,2,1
"c,r",0.7575000000000001;0.76,0.7575000000000001;0.76,6.2499999999997335e-06,0.001,0,1
"c,r",0.7575000000000001;0.76,0.75;0.7525,6.2499999999997335e-06,0.001,0,1
"c,r",0.685;0.6875,1.335;1.3375,6.2499999999997335e-06,0.001,0,1
"c,r",0.7575000000000001;0.76,0.75;0.7525,6.2499999999997335e-06,0.001,0,1
"c,r",0.6825000000000001;0.685,0.9525000000000001;0.9550000000000001,6.2499999999997335e-06,0.001,0,1
"c,r",0.7575000000000001;0.76,0.7575000000000001;0.76,6.2499999999997335e-06,0.001,0,1
"c,r",0.7575000000000001;0.76,0.75;0.7525,6.2499999999997335e-06,0.001,0,1
"c,r",0.75;0.7525,0.75;0.7525,6.2499999999997335e-06,0.001,0,1
"c,r",0.56;0.5625,1.0775000000000001;1.08,6.2499999999997335e-06,0.001,0,1
"c,r",0.5675000000000001;0.5700000000000001,1.1400000000000001;1.1425,6.2499999999997335e-06,0.001,0,1
"c,r",0.56;0.5625,1.145;1.1475,6.2499999999997335e-06,0.001,0,1
"c,r",0.7575000000000001;0.76,0.78;0.7825,6.2499999999997335e-06,0.001,0,1
"c,r",0.6925000000000001;0.6950000000000001,0.75;0.7525,6.2499999999997335e-06,0.001,0,1
"c,r",0.7575000000000001;0.76,0.8075000000000001;0.81,6.2499999999997335e-06,0.001,0,1
"c,r",0.5275000000000001;0.53,1.1749999999999998;1.1774999999999998,6.2499999999997335e-06,0.001,0,1
"c,r",1.8225000000000002;1.8250000000000002,1.9725000000000001;1.975,6.2499999999997335e-06,0.001,0,2
"c,r",0.75;0.7525,0.8075000000000001;0.81,6.2499999999997335e-06,0.001,0,1
"c,r",0.75;0.7525,0.71;0.7124999999999999,6.2499999999997335e-06,0.001,1,1
"c,r",0.77;0.7725,0.7775000000000001;0.78,6.2499999999997335e-06,0.001,1,1
"c,r",0.56;0.5625,1.0725000000000002;1.0750000000000002,6.2499999999997335e-06,0.001,1,1
"c,r",0.56;0.5625,1.0750000000000002;1.0775000000000001,6.2499999999997335e-06,0.001,1,1
"c,r",0.7575000000000001;0.76,0.6825000000000001;0.685,6.2499999999997335e-06,0.001,0,1
"c,r",1.4325;1.435,2.3375;2.34,6.2499999999997335e-06,0.001,0,2
"c,r",0.7575000000000001;0.76,0.7575000000000001;0.76,6.2499999999997335e-06,0.001,0,1
"c,r",1.4325;1.435,2.335;2.3375,6.2499999999997335e-06,0.001,0,2
"c,r",0.8175000000000001;0.8200000000000001,0.75;0.7525,6.2499999999997335e-06,0.001,1,1
"c,r",0.7575000000000001;0.76,0.6825000000000001;0.685,6.2499999999997335e-06,0.001,0,1
"c,r",1.4325;1.435,2.33;2.3325,6.2499999999997335e-06,0.001,0,2
"c,r",1.4325;1.435,2.3325;2.335,6.2499999999997335e-06,0.001,0,2
"c,r",0.75;0.7525,0.685;0.6875,6.2499999999997335e-06,0.001,0,1
"c,r",0.75;0.7525,0.75;0.7525,6.2499999999997335e-06,0.001,0,1
"c,r",0.7175;0.72,0.8;0.8025,6.2499999999997335e-06,0.001,2,1
"c,r",0.5675000000000001;0.5700000000000001,1.0750000000000002;1.0775000000000001,6.2499999999997335e-06,0.001,0,1
"c,r",0.75;0.7525,0.8200000000000001;0.8225,6.2499999999997335e-06,0.001,0,1
"c,r",0.7175;0.72,0.7575000000000001;0.76,6.2499999999997335e-06,0.001,0,1
"c,r",0.5675000000000001;0.5700000000000001,1.0775000000000001;1.08,6.2499999999997335e-06,0.001,0,1
"c,r",0.56;0.5625,1.0750000000000002;1.0775000000000001,6.2499999999997335e-06,0.001,1,1
"c,r",0.685;0.6875,0.685;0.6875,6.2499999999997335e-06,0.001,0,1
"c,r",0.7575000000000001;0.76,0.8200000000000001;0.8225,6.2499999999997335e-06,0.001,0,1
"c,r",0.71;0.7124999999999999,0.75;0.7525,6.2499999999997335e-06,0.001,0,1
"c,r",0.56;0.5625,1.0775000000000001;1.08,6.2499999999997335e-06,0.001,1,1
"c,r",0.75;0.7525,0.8275000000000001;0.8300000000000001,6.2499999999997335e-06,0.001,0,1
"c,r",0.56;0.5625,1.0725000000000002;1.0750000000000002,6.2499999999997335e-06,0.001,0,1
"c,r",0.685;0.6875,0.6825000000000001;0.685,6.2499999999997335e-06,0.001,0,1
"c,r",0.5675000000000001;0.5700000000000001,1.0725000000000002;1.0750000000000002,6.2499999999997335e-06,0.001,1,1
"c,r",0.77;0.7725,0.77;0.7725,6.2499999999997335e-06,0.001,1,1
"c,r",0.81;0.8125,0.81;0.8125,6.2499999999997335e-06,0.001,0,1
"c,r",0.435;0.4375,1.0725000000000002;1.0750000000000002,6.249999999999872e-06,0.001,0,1
"c,r",0.4375;0.44,1.0725000000000002;1.0750000000000002,6.249999999999872e-06,0.001,0,1
"c,r",0.4375;0.44,1.2125;1.2149999999999999,6.249999999999872e-06,0.001,0,1
"c,r",0.43;0.4325,1.0775000000000001;1.08,6.249999999999872e-06,0.001,2,1
"c,r",0.4325;0.435,1.0725000000000002;1.0750000000000002,6.249999999999872e-06,0.001,0,1
"c,r",0.4325;0.435,1.145;1.1475,6.249999999999872e-06,0.001,0,1
"c,r",0.43;0.4325,1.145;1.1475,6.249999999999872e-06,0.001,0,1
"c,r",0.4375;0.44,1.0775000000000001;1.08,6.249999999999872e-06,0.001,1,1
"c,r",0.4325;0.435,1.145;1.1475,6.249999999999872e-06,0.001,0,1
"c,r",0.43;0.4325,1.145;1.1475,6.249999999999872e-06,0.001,0,1
"c,r",0.495;0.4975,2.8675;2.87,6.249999999999872e-06,0.001,0,2
"c,r",0.495;0.4975,2.865;2.8675,6.249999999999872e-06,0.001,0,2
"c,r",0.4975;0.5,2.8675;2.87,6.249999999999872e-06,0.001,0,2
"c,r",0.4975;0.5,2.865;2.8675,6.249999999999872e-06,0.001,0,2
"c,r",0.455;0.4575,1.0925000000000002;1.0950000000000002,6.249999999999872e-06,0.001,0,1
"c,r",0.4575;0.46,1.0925000000000002;1.0950000000000002,6.249999999999872e-06,0.001,0,1
"c,r",0.4975;0.5,2.86;2.8625,6.249999999999872e-06,0.001,0,2
"c,r",0.495;0.4975,2.86;2.8625,6.249999999999872e-06,0.001,0,2
"c,r",0.385;0.3875,1.025;1.0274999999999999,6.249999999999872e-06,0.001,0,1
"c,r",0.3875;0.39,1.025;1.0274999999999999,6.249999999999872e-06,0.001,0,1
"c,r",2.6025;2.605,0.2025;0.20500000000000002,6.249999999999872e-06,0.001,0,2
"c,r",0.385;0.3875,1.145;1.1475,6.249999999999872e-06,0.001,0,1
"c,r",0.3875;0.39,1.145;1.1475,6.249999999999872e-06,0.001,0,1
"c,r",2.6075;2.61,0.2;0.2025,6.249999999999872e-06,0.001,0,2
"c,r",2.6075;2.61,0.2025;0.20500000000000002,6.249999999999872e-06,0.001,0,2
"c,r",2.605;2.6075,0.2025;0.20500000000000002,6.249999999999872e-06,0.001,0,2
"c,r",2.605;2.6075,0.2;0.2025,6.249999999999872e-06,0.001,0,2
"c,r",2.6025;2.605,0.2;0.2025,6.249999999999872e-06,0.001,0,2
"c,r",2.6;2.6025,0.2025;0.20500000000000002,6.249999999999872e-06,0.001,0,2
"c,r",2.6;2.6025,0.2;0.2025,6.249999999999872e-06,0.001,0,2
"c,r",0.43;0.4325,1.2025000000000001;1.205,6.249999999999872e-06,0.001,0,1
"c,r",0.4325;0.435,1.2025000000000001;1.205,6.249999999999872e-06,0.001,0,1
"c,r",0.4375;0.44,1.2149999999999999;1.2174999999999998,6.249999999999872e-06,0.001,0,1
"c,r",0.43;0.4325,1.2125;1.2149999999999999,6.249999999999872e-06,0.001,0,1
"c,r",0.4325;0.435,1.2125;1.2149999999999999,6.249999999999872e-06,0.001,0,1
"c,r",0.4325;0.435,1.21;1.2125,6.249999999999872e-06,0.001,0,1
"c,r",0.43;0.4325,1.21;1.2125,6.249999999999872e-06,0.001,0,1
"c,r",0.6950000000000001;0.6975,0.6900000000000001;0.6925000000000001,6.250000000000011e-06,0.001,2,1
"c,r",0.6875;0.6900000000000001,0.8200000000000001;0.8225,6.250000000000011e-06,0.001,2,1
"c,r",0.7575000000000001;0.76,0.6975;0.7000000000000001,6.250000000000011e-06,0.001,0,1
"c,r",0.81;0.8125,0.755;0.7575000000000001,6.250000000000011e-06,0.001,1,1
"c,r",0.7575000000000001;0.76,0.8250000000000001;0.8275000000000001,6.250000000000011e-06,0.001,1,1
"c,r",0.7575000000000001;0.76,0.7525;0.755,6.250000000000011e-06,0.001,0,1
"c,r",0.7575000000000001;0.76,0.8225;0.8250000000000001,6.250000000000011e-06,0.001,0,1
"c,r",0.6950000000000001;0.6975,0.7525;0.755,6.250000000000011e-06,0.001,1,1
"c,r",0.7575000000000001;0.76,0.6900000000000001;0.6925000000000001,6.250000000000011e-06,0.001,2,1
"c,r",0.755;0.7575000000000001,0.8275000000000001;0.8300000000000001,6.250000000000011e-06,0.001,1,1
"c,r",0.6950000000000001;0.6975,0.8250000000000001;0.8275000000000001,6.250000000000011e-06,0.001,0,1
"c,r",0.6925000000000001;0.6950000000000001,0.7525;0.755,6.250000000000011e-06,0.001,1,1
"c,r",0.6925000000000001;0.6950000000000001,0.8225;0.8250000000000001,6.250000000000011e-06,0.001,0,1
"c,r",0.7525;0.755,0.7575000000000001;0.76,6.250000000000011e-06,0.001,2,1
"c,r",0.8775;0.88,0.8725;0.875,6.250000000000011e-06,0.001,1,1
"c,r",0.8200000000000001;0.8225,0.8225;0.8250000000000001,6.250000000000011e-06,0.001,1,1
"c,r",0.8200000000000001;0.8225,0.8250000000000001;0.8275000000000001,6.250000000000011e-06,0.001,2,1
"c,r",0.8275000000000001;0.8300000000000001,0.8250000000000001;0.8275000000000001,6.250000000000011e-06,0.001,2,1
"c,r",0.8225;0.8250000000000001,0.8200000000000001;0.8225,6.250000000000011e-06,0.001,1,1
"c,r",0.8250000000000001;0.8275000000000001,0.8275000000000001;0.8300000000000001,6.250000000000011e-06,0.001,1,1
"c,r",0.81;0.8125,0.7525;0.755,6.250000000000011e-06,0.001,0,1
"c,r",0.8125;0.8150000000000001,0.75;0.7525,6.250000000000011e-06,0.001,0,1
"c,r",0.5774999999999999;0.58,1.2225000000000001;1.225,6.250000000000011e-06,0.001,0,1
"c,r",0.66;0.6625000000000001,0.7575000000000001;0.76,6.250000000000011e-06,0.001,0,1
"c,r",0.6625000000000001;0.665,0.755;0.7575000000000001,6.250000000000011e-06,0.001,0,1
"c,r",0.6725000000000001;0.675,0.7525;0.755,6.250000000000011e-06,0.001,0,1
"c,r",0.67;0.6725000000000001,0.75;0.7525,6.250000000000011e-06,0.001,0,1
"c,r",0.7525;0.755,0.7575000000000001;0.76,6.250000000000011e-06,0.001,0,1
"c,r",0.75;0.7525,0.755;0.7575000000000001,6.250000000000011e-06,0.001,0,1
"c,r",0.75;0.7525,0.785;0.7875000000000001,6.250000000000011e-06,0.001,0,1
"c,r",0.7525;0.755,0.7875000000000001;0.79,6.250000000000011e-06,0.001,0,1
"c,r",0.5650000000000001;0.5675000000000001,1.145;1.1475,6.250000000000011e-06,0.001,1,1
"c,r",0.75;0.7525,0.8250000000000001;0.8275000000000001,6.250000000000011e-06,0.001,1,1
"c,r",0.6975;0.7000000000000001,0.7575000000000001;0.76,6.250000000000011e-06,0.001,2,1
"c,r",0.7275;0.73,0.7825;0.785,6.250000000000011e-06,0.001,0,1
"c,r",0.7525;0.755,0.6325000000000001;0.635,6.250000000000011e-06,0.001,0,1
"c,r",0.725;0.7275,0.78;0.7825,6.250000000000011e-06,0.001,0,1
"c,r",0.75;0.7525,0.63;0.6325000000000001,6.250000000000011e-06,0.001,0,1
"c,r",0.6900000000000001;0.6925000000000001,0.6925000000000001;0.6950000000000001,6.250000000000011e-06,0.001,2,1
"c,r",0.75;0.7525,0.755;0.7575000000000001,6.250000000000011e-06,0.001,1,1
"c,r",0.9475;0.9500000000000001,0.75;0.7525,6.250000000000011e-06,0.001,0,1
"c,r",0.75;0.7525,0.805;0.8075000000000001,6.250000000000011e-06,0.001,0,1
"c,r",0.7525;0.755,0.8075000000000001;0.81,6.250000000000011e-06,0.001,0,1
"c,r",0.9450000000000001;0.9475,0.7525;0.755,6.250000000000011e-06,0.001,0,1
"c,r",0.755;0.7575000000000001,0.7275;0.73,6.250000000000011e-06,0.001,0,1
"c,r",0.7575000000000001;0.76,0.725;0.7275,6.250000000000011e-06,0.001,0,1
"c,r",0.7575000000000001;0.76,0.805;0.8075000000000001,6.250000000000011e-06,0.001,0,1
"c,r",0.755;0.7575000000000001,0.8075000000000001;0.81,6.250000000000011e-06,0.001,0,1
"c,r",0.6975;0.7000000000000001,0.75;0.7525,6.250000000000011e-06,0.001,2,1
"c,r",0.755;0.7575000000000001,0.7575000000000001;0.76,6.250000000000011e-06,0.001,0,1
"c,r",0.7575000000000001;0.76,0.755;0.7575000000000001,6.250000000000011e-06,0.001,0,1
"c,r",2.1375;2.14,0.8474999999999999;0.85,6.250000000000011e-06,0.001,0,2
"c,r",0.7525;0.755,0.645;0.6475,6.250000000000011e-06,0.001,0,1
"c,r",0.6900000000000001;0.6925000000000001,0.75;0.7525,6.250000000000011e-06,0.001,1,1
"c,r",0.545;0.5475000000000001,1.145;1.1475,6.250000000000011e-06,0.001,0,1
"c,r",0.75;0.7525,0.6475;0.65,6.250000000000011e-06,0.001,0,1
"c,r",0.6925000000000001;0.6950000000000001,0.755;0.7575000000000001,6.250000000000011e-06,0.001,1,1
"c,r",0.7525;0.755,0.75;0.7525,6.250000000000011e-06,0.001,0,1
"c,r",0.75;0.7525,0.7525;0.755,6.250000000000011e-06,0.001,0,1
"c,r",0.7525;0.755,0.7575000000000001;0.76,6.250000000000011e-06,0.001,0,1
"c,r",0.75;0.7525,0.755;0.7575000000000001,6.250000000000011e-06,0.001,0,1
"c,r",0.7525;0.755,0.8200000000000001;0.8225,6.250000000000011e-06,0.001,1,1
"c,r",0.7575000000000001;0.76,0.7525;0.755,6.250000000000011e-06,0.001,0,1
"c,r",0.6900000000000001;0.6925000000000001,0.8200000000000001;0.8225,6.250000000000011e-06,0.001,1,1
"c,r",0.7575000000000001;0.76,0.7525;0.755,6.250000000000011e-06,0.001,0,1
"c,r",0.6900000000000001;0.6925000000000001,0.8275000000000001;0.8300000000000001,6.250000000000011e-06,0.001,0,1
"c,r",0.755;0.7575000000000001,0.75;0.7525,6.250000000000011e-06,0.001,0,1
"c,r",0.61;0.6125,1.1425;1.145,6.250000000000011e-06,0.001,0,1
"c,r",0.61;0.6125,1.1400000000000001;1.1425,6.250000000000011e-06,0.001,0,1
"c,r",0.755;0.7575000000000001,0.75;0.7525,6.250000000000011e-06,0.001,0,1
"c,r",0.8175000000000001;0.8200000000000001,0.755;0.7575000000000001,6.250000000000011e-06,0.001,0,1
"c,r",0.75;0.7525,0.8025;0.805,6.250000000000011e-06,0.001,0,1
"c,r",0.7525;0.755,0.8;0.8025,6.250000000000011e-06,0.001,0,1
"c,r",0.8250000000000001;0.8275000000000001,0.8200000000000001;0.8225,6.250000000000011e-06,0.001,1,1
"c,r",0.7575000000000001;0.76,0.68;0.6825000000000001,6.250000000000011e-06,0.001,0,1
"c,r",0.63;0.6325000000000001,0.6325000000000001;0.635,6.250000000000011e-06,0.001,0,1
"c,r",0.6325000000000001;0.635,0.63;0.6325000000000001,6.250000000000011e-06,0.001,0,1
"c,r",0.75;0.7525,0.5650000000000001;0.5675000000000001,6.250000000000011e-06,0.001,0,1
"c,r",0.7575000000000001;0.76,0.7525;0.755,6.250000000000011e-06,0.001,0,1
"c,r",0.7525;0.755,0.5675000000000001;0.5700000000000001,6.250000000000011e-06,0.001,0,1
"c,r",0.7575000000000001;0.76,0.5625;0.5650000000000001,6.250000000000011e-06,0.001,0,1
"c,r",0.755;0.7575000000000001,0.56;0.5625,6.250000000000011e-06,0.001,0,1
"c,r",0.7525;0.755,0.9450000000000001;0.9475,6.250000000000011e-06,0.001,0,1
"c,r",0.755;0.7575000000000001,0.75;0.7525,6.250000000000011e-06,0.001,0,1
"c,r",0.75;0.7525,0.8225;0.8250000000000001,6.250000000000011e-06,0.001,2,1
"c,r",0.7575000000000001;0.76,0.755;0.7575000000000001,6.250000000000011e-06,0.001,0,1
"c,r",0.755;0.7575000000000001,0.7575000000000001;0.76,6.250000000000011e-06,0.001,0,1
"c,r",0.75;0.7525,0.9475;0.9500000000000001,6.250000000000011e-06,0.001,0,1
"c,r",0.6875;0.6900000000000001,1.335;1.3375,6.250000000000011e-06,0.001,0,1
"c,r",0.8225;0.8250000000000001,0.8275000000000001;0.8300000000000001,6.250000000000011e-06,0.001,2,1
"c,r",0.8275000000000001;0.8300000000000001,0.8225;0.8250000000000001,6.250000000000011e-06,0.001,1,1
"c,r",0.7575000000000001;0.76,0.7525;0.755,6.250000000000011e-06,0.001,0,1
"c,r",0.755;0.7575000000000001,0.75;0.7525,6.250000000000011e-06,0.001,0,1
"c,r",0.6950000000000001;0.6975,0.8225;0.8250000000000001,6.250000000000011e-06,0.001,2,1
"c,r",0.5675000000000001;0.5700000000000001,0.7525;0.755,6.250000000000011e-06,0.001,0,1
"c,r",0.5650000000000001;0.5675000000000001,0.75;0.7525,6.250000000000011e-06,0.001,0,1
"c,r",0.875;0.8775,0.87;0.8725,6.250000000000011e-06,0.001,0,1
"c,r",0.5650000000000001;0.5675000000000001,1.1425;1.145,6.250000000000011e-06,0.001,0,1
"c,r",0.7575000000000001;0.76,0.7525;0.755,6.250000000000011e-06,0.001,1,1
"c,r",0.6825000000000001;0.685,0.9500000000000001;0.9525000000000001,6.250000000000011e-06,0.001,0,1
"c,r",0.68;0.6825000000000001,0.9525000000000001;0.9550000000000001,6.250000000000011e-06,0.001,0,1
"c,r",0.7525;0.755,0.75;0.7525,6.250000000000011e-06,0.001,0,1
"c,r",0.75;0.7525,0.7525;0.755,6.250000000000011e-06,0.001,1,1
"c,r",0.7575000000000001;0.76,0.755;0.7575000000000001,6.250000000000011e-06,0.001,1,1
"c,r",0.755;0.7575000000000001,0.75;0.7525,6.250000000000011e-06,0.001,0,1
"c,r",0.755;0.7575000000000001,0.7575000000000001;0.76,6.250000000000011e-06,0.001,0,1
"c,r",0.5650000000000001;0.5675000000000001,1.1400000000000001;1.1425,6.250000000000011e-06,0.001,0,1
"c,r",0.5625;0.5650000000000001,1.145;1.1475,6.250000000000011e-06,0.001,0,1
"c,r",0.6925000000000001;0.6950000000000001,0.7525;0.755,6.250000000000011e-06,0.001,0,1
"c,r",0.6900000000000001;0.6925000000000001,0.75;0.7525,6.250000000000011e-06,0.001,0,1
"c,r",0.7575000000000001;0.76,0.7825;0.785,6.250000000000011e-06,0.001,0,1
"c,r",0.7575000000000001;0.76,0.805;0.8075000000000001,6.250000000000011e-06,0.001,0,1
"c,r",0.755;0.7575000000000001,0.78;0.7825,6.250000000000011e-06,0.001,0,1
"c,r",0.755;0.7575000000000001,0.8075000000000001;0.81,6.250000000000011e-06,0.001,0,1
"c,r",0.5625;0.5650000000000001,1.0750000000000002;1.0775000000000001,6.250000000000011e-06,0.001,0,1
"c,r",0.525;0.5275000000000001,1.1749999999999998;1.1774999999999998,6.250000000000011e-06,0.001,0,1
"c,r",0.7525;0.755,0.71;0.7124999999999999,6.250000000000011e-06,0.001,1,1
"c,r",0.5625;0.5650000000000001,1.0725000000000002;1.0750000000000002,6.250000000000011e-06,0.001,0,1
"c,r",0.75;0.7525,0.7124999999999999;0.715,6.250000000000011e-06,0.001,1,1
"c,r",0.7725;0.775,0.7775000000000001;0.78,6.250000000000011e-06,0.001,1,1
"c,r",0.7525;0.755,0.8075000000000001;0.81,6.250000000000011e-06,0.001,0,1
"c,r",0.75;0.7525,0.805;0.8075000000000001,6.250000000000011e-06,0.001,0,1
"c,r",0.5625;0.5650000000000001,1.0775000000000001;1.08,6.250000000000011e-06,0.001,0,1
"c,r",0.5650000000000001;0.5675000000000001,1.0750000000000002;1.0775000000000001,6.250000000000011e-06,0.001,1,1
"c,r",0.77;0.7725,0.775;0.7775000000000001,6.250000000000011e-06,0.001,1,1
"c,r",0.75;0.7525,0.6975;0.7000000000000001,6.250000000000011e-06,0.001,1,1
"c,r",0.755;0.7575000000000001,0.6825000000000001;0.685,6.250000000000011e-06,0.001,0,1
"c,r",0.755;0.7575000000000001,0.6825000000000001;0.685,6.250000000000011e-06,0.001,0,1
"c,r",0.8175000000000001;0.8200000000000001,0.7525;0.755,6.250000000000011e-06,0.001,1,1
"c,r",0.7575000000000001;0.76,0.68;0.6825000000000001,6.250000000000011e-06,0.001,0,1
"c,r",0.755;0.7575000000000001,0.7575000000000001;0.76,6.250000000000011e-06,0.001,0,1
"c,r",0.7575000000000001;0.76,0.755;0.7575000000000001,6.250000000000011e-06,0.001,0,1
"c,r",0.7525;0.755,0.685;0.6875,6.250000000000011e-06,0.001,0,1
"c,r",0.8150000000000001;0.8175000000000001,0.75;0.7525,6.250000000000011e-06,0.001,1,1
"c,r",0.75;0.7525,0.6875;0.6900000000000001,6.250000000000011e-06,0.001,0,1
"c,r",0.7525;0.755,0.75;0.7525,6.250000000000011e-06,0.001,0,1
"c,r",0.5650000000000001;0.5675000000000001,1.0775000000000001;1.08,6.250000000000011e-06,0.001,0,1
"c,r",0.6875;0.6900000000000001,0.6825000000000001;0.685,6.250000000000011e-06,0.001,1,1
"c,r",0.75;0.7525,0.7525;0.755,6.250000000000011e-06,0.001,0,1
"c,r",0.75;0.7525,0.8225;0.8250000000000001,6.250000000000011e-06,0.001,0,1
"c,r",0.6875;0.6900000000000001,0.685;0.6875,6.250000000000011e-06,0.001,1,1
"c,r",0.7525;0.755,0.8200000000000001;0.8225,6.250000000000011e-06,0.001,0,1
"c,r",0.715;0.7175,0.7575000000000001;0.76,6.250000000000011e-06,0.001,0,1
"c,r",0.7175;0.72,0.755;0.7575000000000001,6.250000000000011e-06,0.001,0,1
"c,r",0.7175;0.72,0.8025;0.805,6.250000000000011e-06,0.001,1,1
"c,r",0.685;0.6875,0.68;0.6825000000000001,6.250000000000011e-06,0.001,0,1
"c,r",0.8275000000000001;0.8300000000000001,0.6975;0.7000000000000001,6.250000000000011e-06,0.001,1,1
"c,r",0.5625;0.5650000000000001,1.0750000000000002;1.0775000000000001,6.250000000000011e-06,0.001,1,1
"c,r",0.5625;0.5650000000000001,1.0775000000000001;1.08,6.250000000000011e-06,0.001,1,1
"c,r",0.685;0.6875,0.6875;0.6900000000000001,6.250000000000011e-06,0.001,0,1
"c,r",0.7575000000000001;0.76,0.8225;0.8250000000000001,6.250000000000011e-06,0.001,0,1
"c,r",0.755;0.7575000000000001,0.8200000000000001;0.8225,6.250000000000011e-06,0.001,0,1
"c,r",0.7124999999999999;0.715,0.75;0.7525,6.250000000000011e-06,0.001,0,1
"c,r",0.71;0.7124999999999999,0.7525;0.755,6.250000000000011e-06,0.001,0,1
"c,r",0.5650000000000001;0.5675000000000001,1.0725000000000002;1.0750000000000002,6.250000000000011e-06,0.001,1,1
"c,r",0.7525;0.755,0.8275000000000001;0.8300000000000001,6.250000000000011e-06,0.001,0,1
"c,r",0.75;0.7525,0.8250000000000001;0.8275000000000001,6.250000000000011e-06,0.001,0,1
"c,r",0.8125;0.8150000000000001,0.81;0.8125,6.250000000000011e-06,0.001,0,1
"c,r",0.5650000000000001;0.5675000000000001,1.0775000000000001;1.08,6.250000000000011e-06,0.001,0,1
"c,r",0.81;0.8125,0.8125;0.8150000000000001,6.250000000000011e-06,0.001,0,1
"c,r",0.5650000000000001;0.5675000000000001,1.0750000000000002;1.0775000000000001,6.250000000000011e-06,0.001,1,1
"c,r",0.8225;0.8250000000000001,0.6925000000000001;0.6950000000000001,6.250000000000011e-06,0.001,1,1
"c,r",0.6825000000000001;0.685,0.8225;0.8250000000000001,6.250000000000011e-06,0.001,1,1
"c,r",0.685;0.6875,0.8250000000000001;0.8275000000000001,6.250000000000011e-06,0.001,1,1
"c,r",0.7775000000000001;0.78,0.7725;0.775,6.250000000000011e-06,0.001,2,1
"c,r",0.6875;0.6900000000000001,0.8275000000000001;0.8300000000000001,6.250000000000011e-06,0.001,0,1
"c,r",0.7725;0.775,0.77;0.7725,6.250000000000011e-06,0.001,1,1
"c,r",0.6975;0.7000000000000001,0.8225;0.8250000000000001,6.250000000000288e-06,0.001,0,1
"c,r",0.6975;0.7000000000000001,0.7525;0.755,6.250000000000288e-06,0.001,2,1
"c,r",0.6975;0.7000000000000001,0.6900000000000001;0.6925000000000001,6.250000000000288e-06,0.001,1,1
"c,r",0.755;0.7575000000000001,0.8225;0.8250000000000001,6.250000000000288e-06,0.001,0,1
"c,r",0.725;0.7275,0.7825;0.785,6.250000000000288e-06,0.001,0,1
"c,r",0.8225;0.8250000000000001,0.8250000000000001;0.8275000000000001,6.250000000000288e-06,0.001,1,1
"c,r",0.6975;0.7000000000000001,0.8250000000000001;0.8275000000000001,6.250000000000288e-06,0.001,2,1
"c,r",0.6900000000000001;0.6925000000000001,0.8225;0.8250000000000001,6.250000000000288e-06,0.001,1,1
"c,r",0.8775;0.88,0.87;0.8725,6.250000000000288e-06,0.001,2,1
"c,r",0.8225;0.8250000000000001,0.8225;0.8250000000000001,6.250000000000288e-06,0.001,1,1
"c,r",0.8125;0.8150000000000001,0.7525;0.755,6.250000000000288e-06,0.001,0,1
"c,r",0.575;0.5774999999999999,1.22;1.2225000000000001,6.250000000000288e-06,0.001,0,1
"c,r",0.755;0.7575000000000001,0.8250000000000001;0.8275000000000001,6.250000000000288e-06,0.001,1,1
"c,r",0.66;0.6625000000000001,0.755;0.7575000000000001,6.250000000000288e-06,0.001,0,1
"c,r",0.67;0.6725000000000001,0.7525;0.755,6.250000000000288e-06,0.001,0,1
"c,r",0.7525;0.755,0.755;0.7575000000000001,6.250000000000288e-06,0.001,0,1
"c,r",0.7525;0.755,0.8250000000000001;0.8275000000000001,6.250000000000288e-06,0.001,0,1
"c,r",0.7525;0.755,0.785;0.7875000000000001,6.250000000000288e-06,0.001,0,1
"c,r",0.7525;0.755,0.805;0.8075000000000001,6.250000000000288e-06,0.001,1,1
"c,r",0.7525;0.755,0.63;0.6325000000000001,6.250000000000288e-06,0.001,0,1
"c,r",0.9475;0.9500000000000001,0.7525;0.755,6.250000000000288e-06,0.001,0,1
"c,r",0.755;0.7575000000000001,0.805;0.8075000000000001,6.250000000000288e-06,0.001,0,1
"c,r",0.755;0.7575000000000001,0.725;0.7275,6.250000000000288e-06,0.001,0,1
"c,r",0.7525;0.755,0.8225;0.8250000000000001,6.250000000000288e-06,0.001,0,1
"c,r",0.755;0.7575000000000001,0.755;0.7575000000000001,6.250000000000288e-06,0.001,0,1
"c,r",0.5475000000000001;0.55,1.1475;1.1500000000000001,6.250000000000288e-06,0.001,0,1
"c,r",0.755;0.7575000000000001,0.755;0.7575000000000001,6.250000000000288e-06,0.001,1,1
"c,r",0.6900000000000001;0.6925000000000001,0.7525;0.755,6.250000000000288e-06,0.001,1,1
"c,r",0.7525;0.755,0.6475;0.65,6.250000000000288e-06,0.001,0,1
"c,r",0.6900000000000001;0.6925000000000001,0.8250000000000001;0.8275000000000001,6.250000000000288e-06,0.001,2,1
"c,r",0.7525;0.755,0.755;0.7575000000000001,6.250000000000288e-06,0.001,1,1
"c,r",0.6900000000000001;0.6925000000000001,0.755;0.7575000000000001,6.250000000000288e-06,0.001,2,1
"c,r",0.7525;0.755,0.7525;0.755,6.250000000000288e-06,0.001,0,1
"c,r",0.755;0.7575000000000001,0.7525;0.755,6.250000000000288e-06,0.001,0,1
"c,r",0.755;0.7575000000000001,0.7525;0.755,6.250000000000288e-06,0.001,1,1
"c,r",0.6875;0.6900000000000001,0.68;0.6825000000000001,6.250000000000288e-06,0.001,0,1
"c,r",0.755;0.7575000000000001,0.8225;0.8250000000000001,6.250000000000288e-06,0.001,0,1
"c,r",0.7525;0.755,0.8025;0.805,6.250000000000288e-06,0.001,0,1
"c,r",0.63;0.6325000000000001,0.63;0.6325000000000001,6.250000000000288e-06,0.001,0,1
"c,r",0.755;0.7575000000000001,0.805;0.8075000000000001,6.250000000000288e-06,0.001,0,1
"c,r",0.7525;0.755,0.5650000000000001;0.5675000000000001,6.250000000000288e-06,0.001,0,1
"c,r",0.755;0.7575000000000001,0.5625;0.5650000000000001,6.250000000000288e-06,0.001,0,1
"c,r",0.7525;0.755,0.8225;0.8250000000000001,6.250000000000288e-06,0.001,2,1
"c,r",0.755;0.7575000000000001,0.7525;0.755,6.250000000000288e-06,0.001,0,1
"c,r",0.7525;0.755,0.9475;0.9500000000000001,6.250000000000288e-06,0.001,0,1
"c,r",0.755;0.7575000000000001,0.755;0.7575000000000001,6.250000000000288e-06,0.001,0,1
"c,r",0.755;0.7575000000000001,0.7525;0.755,6.250000000000288e-06,0.001,0,1
"c,r",0.685;0.6875,1.3375;1.34,6.250000000000288e-06,0.001,0,1
"c,r",0.5650000000000001;0.5675000000000001,0.7525;0.755,6.250000000000288e-06,0.001,0,1
"c,r",0.68;0.6825000000000001,0.9500000000000001;0.9525000000000001,6.250000000000288e-06,0.001,0,1
"c,r",0.755;0.7575000000000001,0.7525;0.755,6.250000000000288e-06,0.001,0,1
"c,r",0.7525;0.755,0.7525;0.755,6.250000000000288e-06,0.001,0,1
"c,r",0.7525;0.755,0.6975;0.7000000000000001,6.250000000000288e-06,0.001,2,1
"c,r",0.755;0.7575000000000001,0.755;0.7575000000000001,6.250000000000288e-06,0.001,0,1
"c,r",0.56;0.5625,1.1475;1.1500000000000001,6.250000000000288e-06,0.001,0,1
"c,r",0.6900000000000001;0.6925000000000001,0.7525;0.755,6.250000000000288e-06,0.001,0,1
"c,r",0.755;0.7575000000000001,0.7825;0.785,6.250000000000288e-06,0.001,0,1
"c,r",0.7525;0.755,0.7124999999999999;0.715,6.250000000000288e-06,0.001,0,1
"c,r",1.8225000000000002;1.8250000000000002,1.97;1.9725000000000001,6.250000000000288e-06,0.001,0,2
"c,r",1.82;1.8225000000000002,1.9725000000000001;1.975,6.250000000000288e-06,0.001,0,2
"c,r",0.5275000000000001;0.53,1.1774999999999998;1.18,6.250000000000288e-06,0.001,0,1
"c,r",0.7725;0.775,0.775;0.7775000000000001,6.250000000000288e-06,0.001,1,1
"c,r",0.7525;0.755,0.805;0.8075000000000001,6.250000000000288e-06,0.001,0,1
"c,r",1.43;1.4325,2.335;2.3375,6.250000000000288e-06,0.001,1,2
"c,r",0.56;0.5625,1.07;1.0725000000000002,6.250000000000288e-06,0.001,2,1
"c,r",0.755;0.7575000000000001,0.68;0.6825000000000001,6.250000000000288e-06,0.001,0,1
"c,r",0.755;0.7575000000000001,0.68;0.6825000000000001,6.250000000000288e-06,0.001,1,1
"c,r",1.43;1.4325,2.3375;2.34,6.250000000000288e-06,0.001,0,2
"c,r",0.755;0.7575000000000001,0.755;0.7575000000000001,6.250000000000288e-06,0.001,0,1
"c,r",0.7525;0.755,0.6875;0.6900000000000001,6.250000000000288e-06,0.001,0,1
"c,r",0.7525;0.755,0.7525;0.755,6.250000000000288e-06,0.001,1,1
"c,r",0.8150000000000001;0.8175000000000001,0.7525;0.755,6.250000000000288e-06,0.001,1,1
"c,r",1.43;1.4325,2.3325;2.335,6.250000000000288e-06,0.001,0,2
"c,r",1.43;1.4325,2.33;2.3325,6.250000000000288e-06,0.001,1,2
"c,r",0.715;0.7175,0.755;0.7575000000000001,6.250000000000288e-06,0.001,0,1
"c,r",0.6875;0.6900000000000001,0.8250000000000001;0.8275000000000001,6.250000000000288e-06,0.001,1,1
"c,r",0.6875;0.6900000000000001,0.6875;0.6900000000000001,6.250000000000288e-06,0.001,0,1
"c,r",0.6875;0.6900000000000001,0.8225;0.8250000000000001,6.250000000000288e-06,0.001,2,1
"c,r",0.56;0.5625,1.07;1.0725000000000002,6.250000000000288e-06,0.001,1,1
"c,r",0.7124999999999999;0.715,0.7525;0.755,6.250000000000288e-06,0.001,0,1
"c,r",0.5675000000000001;0.5700000000000001,1.07;1.0725000000000002,6.250000000000288e-06,0.001,1,1
"c,r",0.7525;0.755,0.8250000000000001;0.8275000000000001,6.250000000000288e-06,0.001,0,1
"c,r",0.715;0.7175,0.8025;0.805,6.250000000000288e-06,0.001,2,1
"c,r",0.8125;0.8150000000000001,0.8125;0.8150000000000001,6.250000000000288e-06,0.001,0,1
"c,r",0.5675000000000001;0.5700000000000001,1.07;1.0725000000000002,6.250000000000288e-06,0.001,0,1
"c,r",0.775;0.7775000000000001,0.7725;0.775,6.250000000000288e-06,0.001,2,1
"c,r",0.68;0.6825000000000001,0.8225;0.8250000000000001,6.250000000000288e-06,0.001,1,1
"c,r",0.43;0.4325,1.07;1.0725000000000002,6.250000000000427e-06,0.001,1,1
"c,r",0.43;0.4325,1.1475;1.1500000000000001,6.250000000000427e-06,0.001,0,1
"c,r",0.4325;0.435,1.1475;1.1500000000000001,6.250000000000427e-06,0.001,0,1
"c,r",0.4325;0.435,1.1475;1.1500000000000001,6.250000000000427e-06,0.001,0,1
"c,r",0.4575;0.46,1.09;1.0925000000000002,6.250000000000427e-06,0.001,0,1
"c,r",0.455;0.4575,1.09;1.0925000000000002,6.250000000000427e-06,0.001,0,1
"c,r",0.3875;0.39,1.0274999999999999;1.03,6.250000000000427e-06,0.001,0,1
"c,r",0.385;0.3875,1.0274999999999999;1.03,6.250000000000427e-06,0.001,0,1
"c,r",0.3875;0.39,1.1475;1.1500000000000001,6.250000000000427e-06,0.001,0,1
"c,r",0.385;0.3875,1.1475;1.1500000000000001,6.250000000000427e-06,0.001,0,1
"c,r",0.43;0.4325,1.1475;1.1500000000000001,6.250000000000427e-06,0.001,0,1
"c,r",0.4325;0.435,1.2;1.2025000000000001,6.250000000000427e-06,0.001,0,1
"c,r",0.43;0.4325,1.2;1.2025000000000001,6.250000000000427e-06,0.001,0,1
"c,r",0.4325;0.435,1.2174999999999998;1.22,6.250000000000427e-06,0.001,0,1
"c,r",0.5774999999999999;0.58,1.22;1.2225000000000001,6.250000000000566e-06,0.001,0,1
"c,r",0.545;0.5475000000000001,1.1475;1.1500000000000001,6.250000000000566e-06,0.001,0,1
"c,r",0.6875;0.6900000000000001,1.3375;1.34,6.250000000000566e-06,0.001,0,1
"c,r",0.5625;0.5650000000000001,1.1475;1.1500000000000001,6.250000000000566e-06,0.001,1,1
"c,r",0.525;0.5275000000000001,1.1774999999999998;1.18,6.250000000000566e-06,0.001,0,1
"c,r",0.5625;0.5650000000000001,1.07;1.0725000000000002,6.250000000000566e-06,0.001,2,1
"c,r",0.5650000000000001;0.5675000000000001,1.07;1.0725000000000002,6.250000000000566e-06,0.001,1,1
"c,r",2.135;2.1375,0.845;0.8474999999999999,6.250000000000844e-06,0.001,0,2
"c,r",1.82;1.8225000000000002,1.97;1.9725000000000001,6.250000000000844e-06,0.001,0,2
"c,r",0.495;0.4975,2.8625;2.865,6.250000000000983e-06,0.001,0,2
"c,r",0.4975;0.5,2.8625;2.865,6.250000000000983e-06,0.001,0,2
"c,r",2.135;2.1375,0.8474999999999999;0.85,6.250000000001121e-06,0.001,0,2
"c,r",0.6018749999999999;0.6040625,1.12703125;1.131875,1.059570312500012e-05,0.001,0,2
"c,r",0.6040625;0.60625,1.1221875;1.12703125,1.059570312500012e-05,0.001,0,2
"c,r",0.6018749999999999;0.6040625,1.1221875;1.12703125,1.059570312500012e-05,0.001,0,2
"c,r",0.6040625;0.60625,1.12703125;1.131875,1.059570312500012e-05,0.001,0,2
"c,r",0.44343750000000004;0.44562500000000005,1.475;1.48,1.0937499999999812e-05,0.001,0,2
"c,r",0.44125000000000003;0.44343750000000004,1.475;1.48,1.0937499999999812e-05,0.001,0,2
"c,r",0.44343750000000004;0.44562500000000005,1.47;1.475,1.0937500000000296e-05,0.001,0,2
"c,r",0.44125000000000003;0.44343750000000004,1.47;1.475,1.0937500000000296e-05,0.001,0,2
"c,r",1.0150000000000001;1.02,2.995;3.0,2.4999999999998934e-05,0.001,0,2
"c,r",1.0150000000000001;1.02,2.99;2.995,2.4999999999998934e-05,0.001,0,2
"c,r",0.5700000000000001;0.575,1.225;1.23,2.4999999999998934e-05,0.001,0,1
"c,r",0.5700000000000001;0.575,1.06;1.065,2.4999999999998934e-05,0.001,0,1
"c,r",1.2650000000000001;1.27,2.54;2.545,2.4999999999998934e-05,0.001,0,2
"c,r",1.165;1.17,2.4450000000000003;2.45,2.4999999999998934e-05,0.001,0,2
"c,r",0.7050000000000001;0.71,0.7050000000000001;0.71,2.4999999999998934e-05,0.001,0,1
"c,r",2.72;2.725,1.9100000000000001;1.915,2.4999999999998934e-05,0.001,0,2
"c,r",2.725;2.73,1.915;1.92,2.4999999999998934e-05,0.001,0,2
"c,r",2.72;2.725,1.915;1.92,2.4999999999998934e-05,0.001,0,2
"c,r",2.935;2.94,1.1400000000000001;1.145,2.4999999999998934e-05,0.001,0,2
"c,r",2.8000000000000003;2.805,2.14;2.145,2.4999999999998934e-05,0.001,0,2
"c,r",1.8250000000000002;1.83,1.975;1.98,2.4999999999998934e-05,0.001,0,2
"c,r",2.805;2.81,2.14;2.145,2.4999999999998934e-05,0.001,1,2
"c,r",1.435;1.44,2.33;2.335,2.4999999999998934e-05,0.001,2,2
"c,r",1.435;1.44,2.335;2.34,2.4999999999998934e-05,0.001,1,2
"c,r",2.93;2.935,1.1400000000000001;1.145,2.4999999999998934e-05,0.001,0,2
"c,r",2.8000000000000003;2.805,2.145;2.15,2.4999999999998934e-05,0.001,0,2
"c,r",2.34;2.3449999999999998,1.7650000000000001;1.77,2.4999999999998934e-05,0.001,0,2
"c,r",2.805;2.81,2.145;2.15,2.4999999999998934e-05,0.001,0,2
"c,r",2.725;2.73,1.9100000000000001;1.915,2.4999999999998934e-05,0.001,2,2
"c,r",0.47000000000000003;0.475,1.12;1.125,2.4999999999999212e-05,0.001,0,1
"c,r",0.47000000000000003;0.475,1.12;1.125,2.4999999999999212e-05,0.001,0,1
"c,r",0.47000000000000003;0.475,1.17;1.1749999999999998,2.4999999999999212e-05,0.001,0,1
"c,r",2.605;2.61,0.20500000000000002;0.21,2.499999999999935e-05,0.001,0,2
"c,r",2.6;2.605,0.20500000000000002;0.21,2.499999999999935e-05,0.001,0,2
"c,r",0.56;0.5650000000000001,1.08;1.085,2.499999999999949e-05,0.001,0,1
"c,r",0.435;0.44,1.1400000000000001;1.145,2.499999999999949e-05,0.001,0,1
"c,r",0.43;0.435,1.1400000000000001;1.145,2.499999999999949e-05,0.001,0,1
"c,r",0.545;0.55,1.19;1.1949999999999998,2.499999999999949e-05,0.001,0,1
"c,r",0.575;0.58,1.225;1.23,2.499999999999949e-05,0.001,0,1
"c,r",0.755;0.76,0.8300000000000001;0.835,2.499999999999949e-05,0.001,0,1
"c,r",0.75;0.755,0.8300000000000001;0.835,2.499999999999949e-05,0.001,0,1
"c,r",0.675;0.68,0.8300000000000001;0.835,2.499999999999949e-05,0.001,0,1
"c,r",0.67;0.675,0.8300000000000001;0.835,2.499999999999949e-05,0.001,0,1
"c,r",0.54;0.545,1.1400000000000001;1.145,2.499999999999949e-05,0.001,0,1
"c,r",0.545;0.55,1.1400000000000001;1.145,2.499999999999949e-05,0.001,0,1
"c,r",0.575;0.58,1.06;1.065,2.499999999999949e-05,0.001,0,1
"c,r",0.59;0.595,1.1400000000000001;1.145,2.499999999999949e-05,0.001,0,1
"c,r",0.595;0.6,1.1400000000000001;1.145,2.499999999999949e-05,0.001,0,1
"c,r",0.4;0.405,1.0550000000000002;1.06,2.499999999999949e-05,0.001,0,1
"c,r",0.43;0.435,1.1400000000000001;1.145,2.499999999999949e-05,0.001,0,1
"c,r",0.435;0.44,1.1400000000000001;1.145,2.499999999999949e-05,0.001,0,1
"c,r",0.405;0.41000000000000003,1.0550000000000002;1.06,2.499999999999949e-05,0.001,0,1
"c,r",0.56;0.5650000000000001,1.1400000000000001;1.145,2.499999999999949e-05,0.001,0,1
"c,r",0.435;0.44,1.0750000000000002;1.08,2.499999999999949e-05,0.001,0,1
"c,r",0.5650000000000001;0.5700000000000001,1.1400000000000001;1.145,2.499999999999949e-05,0.001,0,1
"c,r",0.43;0.435,1.0750000000000002;1.08,2.499999999999949e-05,0.001,0,1
"c,r",0.45;0.455,1.19;1.1949999999999998,2.499999999999949e-05,0.001,0,1
"c,r",0.455;0.46,1.19;1.1949999999999998,2.499999999999949e-05,0.001,0,1
"c,r",0.535;0.54,1.1150000000000002;1.12,2.499999999999949e-05,0.001,0,1
"c,r",0.53;0.535,1.1150000000000002;1.12,2.499999999999949e-05,0.001,0,1
"c,r",2.13;2.135,0.84;0.845,2.499999999999949e-05,0.001,0,2
"c,r",0.75;0.755,0.7050000000000001;0.71,2.499999999999949e-05,0.001,0,1
"c,r",0.475;0.48,1.12;1.125,2.499999999999949e-05,0.001,0,1
"c,r",0.755;0.76,0.7050000000000001;0.71,2.499999999999949e-05,0.001,0,1
"c,r",2.13;2.135,0.845;0.85,2.499999999999949e-05,0.001,0,2
"c,r",0.7000000000000001;0.7050000000000001,0.7050000000000001;0.71,2.499999999999949e-05,0.001,0,1
"c,r",0.7050000000000001;0.71,0.7000000000000001;0.7050000000000001,2.499999999999949e-05,0.001,0,1
"c,r",0.54;0.545,1.1400000000000001;1.145,2.499999999999949e-05,0.001,0,1
"c,r",0.545;0.55,1.19;1.1949999999999998,2.499999999999949e-05,0.001,0,1
"c,r",0.545;0.55,1.1400000000000001;1.145,2.499999999999949e-05,0.001,0,1
"c,r",0.53;0.535,1.1150000000000002;1.12,2.499999999999949e-05,0.001,0,1
"c,r",0.465;0.47000000000000003,1.185;1.19,2.499999999999949e-05,0.001,0,1
"c,r",0.46;0.465,1.185;1.19,2.499999999999949e-05,0.001,0,1
"c,r",0.455;0.46,1.1400000000000001;1.145,2.499999999999949e-05,0.001,0,1
"c,r",0.45;0.455,1.1400000000000001;1.145,2.499999999999949e-05,0.001,0,1
"c,r",0.455;0.46,1.0950000000000002;1.1,2.499999999999949e-05,0.001,0,1
"c,r",0.45;0.455,1.0950000000000002;1.1,2.499999999999949e-05,0.001,0,1
"c,r",0.615;0.62,1.1400000000000001;1.145,2.499999999999949e-05,0.001,0,1
"c,r",0.615;0.62,1.2650000000000001;1.27,2.499999999999949e-05,0.001,0,1
"c,r",0.49;0.495,2.865;2.87,2.499999999999949e-05,0.001,0,2
"c,r",0.61;0.615,1.2650000000000001;1.27,2.499999999999949e-05,0.001,0,1
"c,r",0.615;0.62,1.2650000000000001;1.27,2.499999999999949e-05,0.001,0,1
"c,r",0.61;0.615,1.2650000000000001;1.27,2.499999999999949e-05,0.001,0,1
"c,r",0.385;0.39,1.02;1.025,2.499999999999949e-05,0.001,0,1
"c,r",0.38;0.385,1.02;1.025,2.499999999999949e-05,0.001,0,1
"c,r",0.5650000000000001;0.5700000000000001,1.1400000000000001;1.145,2.499999999999949e-05,0.001,0,1
"c,r",0.56;0.5650000000000001,1.1400000000000001;1.145,2.499999999999949e-05,0.001,0,1
"c,r",0.385;0.39,1.2650000000000001;1.27,2.499999999999949e-05,0.001,0,1
"c,r",0.475;0.48,1.12;1.125,2.499999999999949e-05,0.001,0,1
"c,r",0.43;0.435,1.21;1.2149999999999999,2.499999999999949e-05,0.001,0,1
"c,r",0.435;0.44,1.21;1.2149999999999999,2.499999999999949e-05,0.001,0,1
"c,r",0.38;0.385,1.2650000000000001;1.27,2.499999999999949e-05,0.001,0,1
"c,r",0.535;0.54,1.1150000000000002;1.12,2.499999999999949e-05,0.001,0,1
"c,r",1.0550000000000002;1.06,0.3;0.305,2.499999999999949e-05,0.001,0,2
"c,r",0.385;0.39,1.1400000000000001;1.145,2.499999999999949e-05,0.001,0,1
"c,r",0.5650000000000001;0.5700000000000001,1.08;1.085,2.499999999999949e-05,0.001,0,1
"c,r",0.38;0.385,1.1400000000000001;1.145,2.499999999999949e-05,0.001,0,1
"c,r",0.68;0.685,1.33;1.335,2.499999999999949e-05,0.001,0,1
"c,r",0.54;0.545,1.19;1.1949999999999998,2.499999999999949e-05,0.001,0,1
"c,r",0.685;0.6900000000000001,1.33;1.335,2.499999999999949e-05,0.001,0,1
"c,r",1.0550000000000002;1.06,0.305;0.31,2.499999999999949e-05,0.001,0,2
"c,r",0.68;0.685,0.9550000000000001;0.96,2.499999999999949e-05,0.001,0,1
"c,r",0.685;0.6900000000000001,0.9550000000000001;0.96,2.499999999999949e-05,0.001,0,1
"c,r",0.56;0.5650000000000001,1.1400000000000001;1.145,2.499999999999949e-05,0.001,0,1
"c,r",0.5650000000000001;0.5700000000000001,1.205;1.21,2.499999999999949e-05,0.001,0,1
"c,r",0.56;0.5650000000000001,1.205;1.21,2.499999999999949e-05,0.001,0,1
"c,r",0.525;0.53,1.17;1.1749999999999998,2.499999999999949e-05,0.001,0,1
"c,r",0.52;0.525,1.17;1.1749999999999998,2.499999999999949e-05,0.001,0,1
"c,r",0.435;0.44,1.205;1.21,2.499999999999949e-05,0.001,0,1
"c,r",0.43;0.435,1.205;1.21,2.499999999999949e-05,0.001,0,1
"c,r",0.475;0.48,1.17;1.1749999999999998,2.499999999999949e-05,0.001,0,1
"c,r",0.54;0.545,1.19;1.1949999999999998,2.499999999999949e-05,0.001,0,1
"c,r",0.675;0.68,0.755;0.76,2.5000000000000045e-05,0.001,0,1
"c,r",0.635;0.64,0.63;0.635,2.5000000000000045e-05,0.001,0,1
"c,r",0.725;0.73,0.785;0.79,2.5000000000000045e-05,0.001,0,1
"c,r",0.8150000000000001;0.8200000000000001,0.81;0.8150000000000001,2.5000000000000045e-05,0.001,0,1
"c,r",0.75;0.755,0.56;0.5650000000000001,2.5000000000000045e-05,0.001,0,1
"c,r",0.26;0.265,0.9400000000000001;0.9450000000000001,2.5000000000000045e-05,0.001,0,2
"c,r",0.26;0.265,0.9450000000000001;0.9500000000000001,2.5000000000000045e-05,0.001,0,2
"c,r",0.735;0.74,0.73;0.735,2.5000000000000045e-05,0.001,0,1
"c,r",0.8250000000000001;0.8300000000000001,0.68;0.685,2.5000000000000045e-05,0.001,0,1
"c,r",0.445;0.45,0.395;0.4,2.5000000000000045e-05,0.001,0,2
"c,r",0.755;0.76,0.785;0.79,2.5000000000000045e-05,0.001,0,1
"c,r",0.755;0.76,0.78;0.785,2.5000000000000045e-05,0.001,0,1
"c,r",0.675;0.68,0.835;0.84,2.5000000000000045e-05,0.001,0,1
"c,r",0.665;0.67,0.84;0.845,2.5000000000000045e-05,0.001,0,1
"c,r",0.67;0.675,0.835;0.84,2.5000000000000045e-05,0.001,0,1
"c,r",0.75;0.755,0.755;0.76,2.5000000000000045e-05,0.001,0,1
"c,r",0.875;0.88,0.875;0.88,2.5000000000000045e-05,0.001,0,1
"c,r",0.715;0.72,0.715;0.72,2.5000000000000045e-05,0.001,0,1
"c,r",0.87;0.875,0.87;0.875,2.5000000000000045e-05,0.001,0,1
"c,r",0.71;0.715,0.71;0.715,2.5000000000000045e-05,0.001,0,1
"c,r",0.71;0.715,0.755;0.76,2.5000000000000045e-05,0.001,0,1
"c,r",0.71;0.715,0.715;0.72,2.5000000000000045e-05,0.001,0,1
"c,r",0.755;0.76,0.8250000000000001;0.8300000000000001,2.5000000000000045e-05,0.001,0,1
"c,r",0.845;0.85,0.665;0.67,2.5000000000000045e-05,0.001,0,1
"c,r",1.01;1.0150000000000001,2.995;3.0,2.5000000000000045e-05,0.001,0,2
"c,r",2.34;2.3449999999999998,1.76;1.7650000000000001,2.5000000000000045e-05,0.001,0,2
"c,r",0.715;0.72,0.71;0.715,2.5000000000000045e-05,0.001,0,1
"c,r",0.685;0.6900000000000001,0.755;0.76,2.5000000000000045e-05,0.001,0,1
"c,r",0.755;0.76,0.755;0.76,2.5000000000000045e-05,0.001,0,1
"c,r",0.75;0.755,0.755;0.76,2.5000000000000045e-05,0.001,0,1
"c,r",0.755;0.76,0.75;0.755,2.5000000000000045e-05,0.001,0,1
"c,r",0.785;0.79,0.73;0.735,2.5000000000000045e-05,0.001,0,1
"c,r",0.75;0.755,0.78;0.785,2.5000000000000045e-05,0.001,0,1
"c,r",0.75;0.755,0.75;0.755,2.5000000000000045e-05,0.001,0,1
"c,r",0.78;0.785,0.755;0.76,2.5000000000000045e-05,0.001,0,1
"c,r",0.675;0.68,0.75;0.755,2.5000000000000045e-05,0.001,0,1
"c,r",0.75;0.755,0.8250000000000001;0.8300000000000001,2.5000000000000045e-05,0.001,0,1
"c,r",0.66;0.665,0.75;0.755,2.5000000000000045e-05,0.001,0,1
"c,r",0.66;0.665,0.845;0.85,2.5000000000000045e-05,0.001,0,1
"c,r",0.66;0.665,0.84;0.845,2.5000000000000045e-05,0.001,0,1
"c,r",0.67;0.675,0.755;0.76,2.5000000000000045e-05,0.001,0,1
"c,r",0.715;0.72,0.75;0.755,2.5000000000000045e-05,0.001,0,1
"c,r",1.26;1.2650000000000001,2.54;2.545,2.5000000000000045e-05,0.001,0,2
"c,r",0.5700000000000001;0.575,1.065;1.07,2.5000000000000045e-05,0.001,0,1
"c,r",0.44;0.445,0.39;0.395,2.5000000000000045e-05,0.001,0,2
"c,r",0.6900000000000001;0.6950000000000001,0.81;0.8150000000000001,2.5000000000000045e-05,0.001,0,1
"c,r",0.265;0.27,0.9400000000000001;0.9450000000000001,2.5000000000000045e-05,0.001,0,2
"c,r",0.265;0.27,0.9450000000000001;0.9500000000000001,2.5000000000000045e-05,0.001,0,2
"c,r",0.445;0.45,0.39;0.395,2.5000000000000045e-05,0.001,0,2
"c,r",0.44;0.445,0.395;0.4,2.5000000000000045e-05,0.001,0,2
"c,r",0.755;0.76,0.7000000000000001;0.7050000000000001,2.5000000000000045e-05,0.001,0,1
"c,r",0.75;0.755,0.68;0.685,2.5000000000000045e-05,0.001,0,1
"c,r",0.75;0.755,0.635;0.64,2.5000000000000045e-05,0.001,0,1
"c,r",0.75;0.755,0.7000000000000001;0.7050000000000001,2.5000000000000045e-05,0.001,0,1
"c,r",0.72;0.725,0.785;0.79,2.5000000000000045e-05,0.001,0,1
"c,r",0.72;0.725,0.78;0.785,2.5000000000000045e-05,0.001,0,1
"c,r",0.755;0.76,0.635;0.64,2.5000000000000045e-05,0.001,0,1
"c,r",0.9450000000000001;0.9500000000000001,0.5650000000000001;0.5700000000000001,2.5000000000000045e-05,0.001,0,1
"c,r",0.755;0.76,0.735;0.74,2.5000000000000045e-05,0.001,0,1
"c,r",0.755;0.76,0.63;0.635,2.5000000000000045e-05,0.001,0,1
"c,r",0.9450000000000001;0.9500000000000001,0.56;0.5650000000000001,2.5000000000000045e-05,0.001,0,1
"c,r",0.9400000000000001;0.9450000000000001,0.5650000000000001;0.5700000000000001,2.5000000000000045e-05,0.001,0,1
"c,r",0.9400000000000001;0.9450000000000001,0.56;0.5650000000000001,2.5000000000000045e-05,0.001,0,1
"c,r",0.755;0.76,0.8;0.805,2.5000000000000045e-05,0.001,0,1
"c,r",0.755;0.76,0.755;0.76,2.5000000000000045e-05,0.001,0,1
"c,r",0.75;0.755,0.8;0.805,2.5000000000000045e-05,0.001,0,1
"c,r",0.75;0.755,0.735;0.74,2.5000000000000045e-05,0.001,0,1
"c,r",0.755;0.76,0.72;0.725,2.5000000000000045e-05,0.001,0,1
"c,r",1.16;1.165,2.4450000000000003;2.45,2.5000000000000045e-05,0.001,0,2
"c,r",0.9450000000000001;0.9500000000000001,0.755;0.76,2.5000000000000045e-05,0.001,0,1
"c,r",0.9400000000000001;0.9450000000000001,0.75;0.755,2.5000000000000045e-05,0.001,0,1
"c,r",0.75;0.755,0.725;0.73,2.5000000000000045e-05,0.001,0,1
"c,r",0.75;0.755,0.75;0.755,2.5000000000000045e-05,0.001,0,1
"c,r",0.75;0.755,0.755;0.76,2.5000000000000045e-05,0.001,0,1
"c,r",0.75;0.755,0.68;0.685,2.5000000000000045e-05,0.001,0,1
"c,r",0.75;0.755,0.755;0.76,2.5000000000000045e-05,0.001,0,1
"c,r",0.755;0.76,0.75;0.755,2.5000000000000045e-05,0.001,0,1
"c,r",0.755;0.76,0.75;0.755,2.5000000000000045e-05,0.001,0,1
"c,r",0.75;0.755,0.75;0.755,2.5000000000000045e-05,0.001,0,1
"c,r",0.75;0.755,0.79;0.795,2.5000000000000045e-05,0.001,0,1
"c,r",0.7000000000000001;0.7050000000000001,0.7000000000000001;0.7050000000000001,2.5000000000000045e-05,0.001,0,1
"c,r",0.75;0.755,0.75;0.755,2.5000000000000045e-05,0.001,0,1
"c,r",0.75;0.755,0.68;0.685,2.5000000000000045e-05,0.001,0,1
"c,r",0.79;0.795,0.79;0.795,2.5000000000000045e-05,0.001,0,1
"c,r",0.795;0.8,0.79;0.795,2.5000000000000045e-05,0.001,0,1
"c,r",0.75;0.755,0.8150000000000001;0.8200000000000001,2.5000000000000045e-05,0.001,0,1
"c,r",0.79;0.795,0.795;0.8,2.5000000000000045e-05,0.001,0,1
"c,r",0.77;0.775,0.735;0.74,2.5000000000000045e-05,0.001,0,1
"c,r",0.775;0.78,0.735;0.74,2.5000000000000045e-05,0.001,0,1
"c,r",0.775;0.78,0.73;0.735,2.5000000000000045e-05,0.001,0,1
"c,r",0.77;0.775,0.73;0.735,2.5000000000000045e-05,0.001,0,1
"c,r",0.755;0.76,0.755;0.76,2.5000000000000045e-05,0.001,0,1
"c,r",0.75;0.755,0.64;0.645,2.5000000000000045e-05,0.001,0,1
"c,r",0.9400000000000001;0.9450000000000001,0.755;0.76,2.5000000000000045e-05,0.001,0,1
"c,r",0.755;0.76,0.755;0.76,2.5000000000000045e-05,0.001,0,1
"c,r",0.665;0.67,0.845;0.85,2.5000000000000045e-05,0.001,0,1
"c,r",0.755;0.76,0.875;0.88,2.5000000000000045e-05,0.001,0,1
"c,r",0.755;0.76,0.87;0.875,2.5000000000000045e-05,0.001,0,1
"c,r",0.75;0.755,0.87;0.875,2.5000000000000045e-05,0.001,0,1
"c,r",0.6950000000000001;0.7000000000000001,0.6950000000000001;0.7000000000000001,2.5000000000000045e-05,0.001,0,1
"c,r",0.75;0.755,0.72;0.725,2.5000000000000045e-05,0.001,0,1
"c,r",0.84;0.845,0.66;0.665,2.5000000000000045e-05,0.001,0,1
"c,r",0.75;0.755,0.87;0.875,2.5000000000000045e-05,0.001,0,1
"c,r",0.875;0.88,0.645;0.65,2.5000000000000045e-05,0.001,0,1
"c,r",0.68;0.685,0.75;0.755,2.5000000000000045e-05,0.001,0,1
"c,r",0.875;0.88,0.75;0.755,2.5000000000000045e-05,0.001,0,1
"c,r",0.87;0.875,0.64;0.645,2.5000000000000045e-05,0.001,0,1
"c,r",0.755;0.76,0.795;0.8,2.5000000000000045e-05,0.001,0,1
"c,r",0.775;0.78,0.75;0.755,2.5000000000000045e-05,0.001,0,1
"c,r",0.77;0.775,0.75;0.755,2.5000000000000045e-05,0.001,0,1
"c,r",0.875;0.88,0.755;0.76,2.5000000000000045e-05,0.001,0,1
"c,r",0.87;0.875,0.755;0.76,2.5000000000000045e-05,0.001,0,1
"c,r",0.75;0.755,0.775;0.78,2.5000000000000045e-05,0.001,0,1
"c,r",0.775;0.78,0.755;0.76,2.5000000000000045e-05,0.001,0,1
"c,r",0.755;0.76,0.77;0.775,2.5000000000000045e-05,0.001,0,1
"c,r",0.63;0.635,0.635;0.64,2.5000000000000045e-05,0.001,0,1
"c,r",0.635;0.64,0.635;0.64,2.5000000000000045e-05,0.001,0,1
"c,r",0.73;0.735,0.735;0.74,2.5000000000000045e-05,0.001,0,1
"c,r",0.735;0.74,0.735;0.74,2.5000000000000045e-05,0.001,0,1
"c,r",0.73;0.735,0.73;0.735,2.5000000000000045e-05,0.001,0,1
"c,r",0.6950000000000001;0.7000000000000001,0.8150000000000001;0.8200000000000001,2.5000000000000045e-05,0.001,0,1
"c,r",0.6950000000000001;0.7000000000000001,0.81;0.8150000000000001,2.5000000000000045e-05,0.001,0,1
"c,r",0.75;0.755,0.77;0.775,2.5000000000000045e-05,0.001,0,1
"c,r",0.6900000000000001;0.6950000000000001,0.8150000000000001;0.8200000000000001,2.5000000000000045e-05,0.001,0,1
"c,r",0.75;0.755,0.685;0.6900000000000001,2.5000000000000045e-05,0.001,0,1
"c,r",0.755;0.76,0.73;0.735,2.5000000000000045e-05,0.001,0,1
"c,r",0.755;0.76,0.685;0.6900000000000001,2.5000000000000045e-05,0.001,0,1
"c,r",0.75;0.755,0.73;0.735,2.5000000000000045e-05,0.001,0,1
"c,r",0.755;0.76,0.68;0.685,2.5000000000000045e-05,0.001,0,1
"c,r",0.75;0.755,0.8200000000000001;0.8250000000000001,2.5000000000000045e-05,0.001,0,1
"c,r",0.755;0.76,0.8200000000000001;0.8250000000000001,2.5000000000000045e-05,0.001,0,1
"c,r",0.75;0.755,0.8250000000000001;0.8300000000000001,2.5000000000000045e-05,0.001,0,1
"c,r",0.75;0.755,0.785;0.79,2.5000000000000045e-05,0.001,0,1
"c,r",1.82;1.8250000000000002,1.975;1.98,2.5000000000000045e-05,0.001,0,2
"c,r",0.6950000000000001;0.7000000000000001,0.755;0.76,2.5000000000000045e-05,0.001,0,1
"c,r",0.755;0.76,0.8200000000000001;0.8250000000000001,2.5000000000000045e-05,0.001,0,1
"c,r",0.6950000000000001;0.7000000000000001,0.75;0.755,2.5000000000000045e-05,0.001,0,1
"c,r",0.755;0.76,0.755;0.76,2.5000000000000045e-05,0.001,0,1
"c,r",0.755;0.76,0.755;0.76,2.5000000000000045e-05,0.001,0,1
"c,r",0.75;0.755,0.755;0.76,2.5000000000000045e-05,0.001,0,1
"c,r",0.75;0.755,0.685;0.6900000000000001,2.5000000000000045e-05,0.001,0,1
"c,r",0.755;0.76,0.5650000000000001;0.5700000000000001,2.5000000000000045e-05,0.001,0,1
"c,r",0.755;0.76,0.75;0.755,2.5000000000000045e-05,0.001,0,1
"c,r",0.75;0.755,0.795;0.8,2.5000000000000045e-05,0.001,0,1
"c,r",0.755;0.76,0.75;0.755,2.5000000000000045e-05,0.001,0,1
"c,r",0.755;0.76,0.685;0.6900000000000001,2.5000000000000045e-05,0.001,0,1
"c,r",0.755;0.76,0.9400000000000001;0.9450000000000001,2.5000000000000045e-05,0.001,0,1
"c,r",0.75;0.755,0.75;0.755,2.5000000000000045e-05,0.001,0,1
"c,r",0.785;0.79,0.735;0.74,2.5000000000000045e-05,0.001,0,1
"c,r",0.75;0.755,0.755;0.76,2.5000000000000045e-05,0.001,0,1
"c,r",0.755;0.76,0.8150000000000001;0.8200000000000001,2.5000000000000045e-05,0.001,0,1
"c,r",0.75;0.755,0.755;0.76,2.5000000000000045e-05,0.001,0,1
"c,r",0.755;0.76,0.9450000000000001;0.9500000000000001,2.5000000000000045e-05,0.001,0,1
"c,r",0.75;0.755,0.755;0.76,2.5000000000000045e-05,0.001,0,1
"c,r",0.56;0.5650000000000001,0.755;0.76,2.5000000000000045e-05,0.001,0,1
"c,r",0.56;0.5650000000000001,0.75;0.755,2.5000000000000045e-05,0.001,0,1
"c,r",0.5650000000000001;0.5700000000000001,0.755;0.76,2.5000000000000045e-05,0.001,0,1
"c,r",0.795;0.8,0.795;0.8,2.5000000000000045e-05,0.001,0,1
"c,r",0.685;0.6900000000000001,0.9500000000000001;0.9550000000000001,2.5000000000000045e-05,0.001,0,1
"c,r",0.755;0.76,0.875;0.88,2.5000000000000045e-05,0.001,0,1
"c,r",0.87;0.875,0.875;0.88,2.5000000000000045e-05,0.001,0,1
"c,r",0.755;0.76,0.81;0.8150000000000001,2.5000000000000045e-05,0.001,0,1
"c,r",0.87;0.875,0.645;0.65,2.5000000000000045e-05,0.001,0,1
"c,r",0.755;0.76,0.835;0.84,2.5000000000000045e-05,0.001,0,1
"c,r",0.8250000000000001;0.8300000000000001,0.6900000000000001;0.6950000000000001,2.5000000000000045e-05,0.001,0,1
"c,r",0.75;0.755,0.81;0.8150000000000001,2.5000000000000045e-05,0.001,0,1
"c,r",0.75;0.755,0.835;0.84,2.5000000000000045e-05,0.001,0,1
"c,r",0.8;0.805,0.805;0.81,2.5000000000000045e-05,0.001,0,1
"c,r",1.8250000000000002;1.83,1.97;1.975,2.5000000000000045e-05,0.001,0,2
"c,r",0.6900000000000001;0.6950000000000001,0.6950000000000001;0.7000000000000001,2.5000000000000045e-05,0.001,0,1
"c,r",0.75;0.755,0.75;0.755,2.5000000000000045e-05,0.001,0,1
"c,r",0.6900000000000001;0.6950000000000001,0.755;0.76,2.5000000000000045e-05,0.001,0,1
"c,r",0.78;0.785,0.735;0.74,2.5000000000000045e-05,0.001,0,1
"c,r",0.755;0.76,0.715;0.72,2.5000000000000045e-05,0.001,0,1
"c,r",0.755;0.76,0.785;0.79,2.5000000000000045e-05,0.001,0,1
"c,r",0.8200000000000001;0.8250000000000001,0.6950000000000001;0.7000000000000001,2.5000000000000045e-05,0.001,0,1
"c,r",0.75;0.755,0.8200000000000001;0.8250000000000001,2.5000000000000045e-05,0.001,0,1
"c,r",0.755;0.76,0.71;0.715,2.5000000000000045e-05,0.001,0,1
"c,r",0.75;0.755,0.78;0.785,2.5000000000000045e-05,0.001,0,1
"c,r",0.8150000000000001;0.8200000000000001,0.8150000000000001;0.8200000000000001,2.5000000000000045e-05,0.001,0,1
"c,r",0.75;0.755,0.715;0.72,2.5000000000000045e-05,0.001,0,1
"c,r",0.845;0.85,0.66;0.665,2.5000000000000045e-05,0.001,0,1
"c,r",0.755;0.76,0.8;0.805,2.5000000000000045e-05,0.001,0,1
"c,r",0.755;0.76,0.755;0.76,2.5000000000000045e-05,0.001,0,1
"c,r",0.755;0.76,0.645;0.65,2.5000000000000045e-05,0.001,0,1
"c,r",0.84;0.845,0.665;0.67,2.5000000000000045e-05,0.001,0,1
"c,r",0.785;0.79,0.755;0.76,2.5000000000000045e-05,0.001,0,1
"c,r",2.935;2.94,1.145;1.1500000000000001,2.5000000000000045e-05,0.001,0,2
"c,r",2.93;2.935,1.145;1.1500000000000001,2.5000000000000045e-05,0.001,0,2
"c,r",1.01;1.0150000000000001,2.99;2.995,2.5000000000000045e-05,0.001,0,2
"c,r",0.755;0.76,0.64;0.645,2.5000000000000045e-05,0.001,0,1
"c,r",0.755;0.76,0.685;0.6900000000000001,2.5000000000000045e-05,0.001,0,1
"c,r",0.685;0.6900000000000001,0.75;0.755,2.5000000000000045e-05,0.001,0,1
"c,r",0.755;0.76,0.75;0.755,2.5000000000000045e-05,0.001,0,1
"c,r",0.665;0.67,0.755;0.76,2.5000000000000045e-05,0.001,0,1
"c,r",0.75;0.755,0.875;0.88,2.5000000000000045e-05,0.001,0,1
"c,r",0.755;0.76,0.87;0.875,2.5000000000000045e-05,0.001,0,1
"c,r",0.68;0.685,0.755;0.76,2.5000000000000045e-05,0.001,0,1
"c,r",0.78;0.785,0.73;0.735,2.5000000000000045e-05,0.001,0,1
"c,r",0.75;0.755,0.75;0.755,2.5000000000000045e-05,0.001,0,1
"c,r",0.755;0.76,0.8250000000000001;0.8300000000000001,2.5000000000000045e-05,0.001,0,1
"c,r",0.8200000000000001;0.8250000000000001,0.68;0.685,2.5000000000000045e-05,0.001,0,1
"c,r",0.75;0.755,0.875;0.88,2.5000000000000045e-05,0.001,0,1
"c,r",0.875;0.88,0.64;0.645,2.5000000000000045e-05,0.001,0,1
"c,r",0.75;0.755,0.755;0.76,2.5000000000000045e-05,0.001,0,1
"c,r",0.75;0.755,0.75;0.755,2.5000000000000045e-05,0.001,0,1
"c,r",0.5700000000000001;0.575,1.22;1.225,2.5000000000000045e-05,0.001,0,1
"c,r",0.755;0.76,0.79;0.795,2.5000000000000045e-05,0.001,0,1
"c,r",0.75;0.755,0.75;0.755,2.5000000000000045e-05,0.001,0,1
"c,r",0.785;0.79,0.75;0.755,2.5000000000000045e-05,0.001,0,1
"c,r",0.78;0.785,0.75;0.755,2.5000000000000045e-05,0.001,0,1
"c,r",0.68;0.685,0.685;0.6900000000000001,2.5000000000000045e-05,0.001,0,1
"c,r",0.68;0.685,0.68;0.685,2.5000000000000045e-05,0.001,0,1
"c,r",0.755;0.76,0.8250000000000001;0.8300000000000001,2.5000000000000045e-05,0.001,0,1
"c,r",0.75;0.755,0.9400000000000001;0.9450000000000001,2.5000000000000045e-05,0.001,0,1
"c,r",0.68;0.685,0.8250000000000001;0.8300000000000001,2.5000000000000045e-05,0.001,0,1
"c,r",0.755;0.76,0.775;0.78,2.5000000000000045e-05,0.001,0,1
"c,r",0.87;0.875,0.75;0.755,2.5000000000000045e-05,0.001,0,1
"c,r",0.77;0.775,0.755;0.76,2.5000000000000045e-05,0.001,0,1
"c,r",0.8250000000000001;0.8300000000000001,0.685;0.6900000000000001,2.5000000000000045e-05,0.001,0,1
"c,r",0.8200000000000001;0.8250000000000001,0.685;0.6900000000000001,2.5000000000000045e-05,0.001,0,1
"c,r",0.665;0.67,0.75;0.755,2.5000000000000045e-05,0.001,0,1
"c,r",0.47000000000000003;0.475,1.125;1.1300000000000001,2.5000000000000323e-05,0.001,0,1
"c,r",0.47000000000000003;0.475,1.125;1.1300000000000001,2.5000000000000323e-05,0.001,0,1
"c,r",0.47000000000000003;0.475,1.1749999999999998;1.18,2.5000000000000323e-05,0.001,0,1
"c,r",0.435;0.44,1.145;1.1500000000000001,2.50000000000006e-05,0.001,0,1
"c,r",0.405;0.41000000000000003,1.05;1.0550000000000002,2.50000000000006e-05,0.001,0,1
"c,r",0.455;0.46,1.1949999999999998;1.2,2.50000000000006e-05,0.001,0,1
"c,r",0.435;0.44,1.07;1.0750000000000002,2.50000000000006e-05,0.001,0,1
"c,r",0.43;0.435,1.07;1.0750000000000002,2.50000000000006e-05,0.001,0,1
"c,r",0.435;0.44,1.145;1.1500000000000001,2.50000000000006e-05,0.001,0,1
"c,r",0.56;0.5650000000000001,1.145;1.1500000000000001,2.50000000000006e-05,0.001,0,1
"c,r",0.56;0.5650000000000001,1.085;1.09,2.50000000000006e-05,0.001,0,1
"c,r",0.575;0.58,1.065;1.07,2.50000000000006e-05,0.001,0,1
"c,r",0.595;0.6,1.145;1.1500000000000001,2.50000000000006e-05,0.001,0,1
"c,r",0.435;0.44,1.2;1.205,2.50000000000006e-05,0.001,0,1
"c,r",0.45;0.455,1.1949999999999998;1.2,2.50000000000006e-05,0.001,0,1
"c,r",0.5650000000000001;0.5700000000000001,1.145;1.1500000000000001,2.50000000000006e-05,0.001,0,1
"c,r",0.45;0.455,1.145;1.1500000000000001,2.50000000000006e-05,0.001,0,1
"c,r",0.535;0.54,1.11;1.1150000000000002,2.50000000000006e-05,0.001,0,1
"c,r",0.53;0.535,1.11;1.1150000000000002,2.50000000000006e-05,0.001,0,1
"c,r",0.535;0.54,1.11;1.1150000000000002,2.50000000000006e-05,0.001,0,1
"c,r",0.54;0.545,1.145;1.1500000000000001,2.50000000000006e-05,0.001,0,1
"c,r",0.615;0.62,1.145;1.1500000000000001,2.50000000000006e-05,0.001,0,1
"c,r",0.68;0.685,1.335;1.34,2.50000000000006e-05,0.001,0,1
"c,r",0.61;0.615,1.26;1.2650000000000001,2.50000000000006e-05,0.001,0,1
"c,r",0.56;0.5650000000000001,1.2;1.205,2.50000000000006e-05,0.001,0,1
"c,r",0.545;0.55,1.145;1.1500000000000001,2.50000000000006e-05,0.001,0,1
"c,r",0.43;0.435,1.2149999999999999;1.22,2.50000000000006e-05,0.001,0,1
"c,r",0.56;0.5650000000000001,1.145;1.1500000000000001,2.50000000000006e-05,0.001,0,1
"c,r",0.475;0.48,1.125;1.1300000000000001,2.50000000000006e-05,0.001,0,1
"c,r",1.05;1.0550000000000002,0.305;0.31,2.50000000000006e-05,0.001,0,2
"c,r",0.38;0.385,1.145;1.1500000000000001,2.50000000000006e-05,0.001,0,1
"c,r",0.385;0.39,1.26;1.2650000000000001,2.50000000000006e-05,0.001,0,1
"c,r",0.475;0.48,1.125;1.1300000000000001,2.50000000000006e-05,0.001,0,1
"c,r",0.435;0.44,1.2149999999999999;1.22,2.50000000000006e-05,0.001,0,1
"c,r",0.5650000000000001;0.5700000000000001,1.145;1.1500000000000001,2.50000000000006e-05,0.001,0,1
"c,r",0.615;0.62,1.26;1.2650000000000001,2.50000000000006e-05,0.001,0,1
"c,r",1.05;1.0550000000000002,0.3;0.305,2.50000000000006e-05,0.001,0,2
"c,r",0.545;0.55,1.1949999999999998;1.2,2.50000000000006e-05,0.001,0,1
"c,r",0.59;0.595,1.145;1.1500000000000001,2.50000000000006e-05,0.001,0,1
"c,r",0.38;0.385,1.26;1.2650000000000001,2.50000000000006e-05,0.001,0,1
"c,r",0.61;0.615,1.145;1.1500000000000001,2.50000000000006e-05,0.001,0,1
"c,r",0.455;0.46,1.145;1.1500000000000001,2.50000000000006e-05,0.001,0,1
"c,r",0.54;0.545,1.1949999999999998;1.2,2.50000000000006e-05,0.001,0,1
"c,r",0.465;0.47000000000000003,1.18;1.185,2.50000000000006e-05,0.001,0,1
"c,r",0.46;0.465,1.18;1.185,2.50000000000006e-05,0.001,0,1
"c,r",0.5650000000000001;0.5700000000000001,1.085;1.09,2.50000000000006e-05,0.001,0,1
"c,r",0.5650000000000001;0.5700000000000001,1.2;1.205,2.50000000000006e-05,0.001,0,1
"c,r",0.545;0.55,1.1949999999999998;1.2,2.50000000000006e-05,0.001,0,1
"c,r",0.52;0.525,1.1749999999999998;1.18,2.50000000000006e-05,0.001,0,1
"c,r",0.53;0.535,1.11;1.1150000000000002,2.50000000000006e-05,0.001,0,1
"c,r",0.475;0.48,1.1749999999999998;1.18,2.50000000000006e-05,0.001,0,1
"c,r",0.45;0.455,1.09;1.0950000000000002,2.50000000000006e-05,0.001,0,1
"c,r",0.54;0.545,1.145;1.1500000000000001,2.50000000000006e-05,0.001,0,1
"c,r",0.54;0.545,1.1949999999999998;1.2,2.50000000000006e-05,0.001,0,1
"c,r",0.4;0.405,1.05;1.0550000000000002,2.50000000000006e-05,0.001,0,1
"c,r",0.38;0.385,1.025;1.03,2.50000000000006e-05,0.001,0,1
"c,r",0.61;0.615,1.26;1.2650000000000001,2.50000000000006e-05,0.001,0,1
"c,r",0.615;0.62,1.26;1.2650000000000001,2.50000000000006e-05,0.001,0,1
"c,r",1.2650000000000001;1.27,2.545;2.5500000000000003,2.5000000000001153e-05,0.001,0,2
"c,r",1.165;1.17,2.44;2.4450000000000003,2.5000000000001153e-05,0.001,0,2
"c,r",2.3449999999999998;2.35,1.7650000000000001;1.77,2.5000000000001153e-05,0.001,0,2
"c,r",0.49;0.495,2.86;2.865,2.500000000000171e-05,0.001,0,2
"c,r",2.135;2.14,0.84;0.845,2.500000000000171e-05,0.001,0,2
"c,r",1.26;1.2650000000000001,2.545;2.5500000000000003,2.5000000000002264e-05,0.001,0,2
"c,r",2.3449999999999998;2.35,1.76;1.7650000000000001,2.5000000000002264e-05,0.001,0,2
"c,r",1.16;1.165,2.44;2.4450000000000003,2.5000000000002264e-05,0.001,0,2
"c,r",0.5975;0.6018749999999999,1.1221875;1.131875,4.2382812499999405e-05,0.001,0,2
"c,r",0.5975;0.6018749999999999,1.1124999999999998;1.1221875,4.2382812499999405e-05,0.001,0,2
"c,r",0.6018749999999999;0.60625,1.1124999999999998;1.1221875,4.238281250000048e-05,0.001,0,2
"c,r",0.44562500000000005;0.45,1.48;1.49,4.374999999999966e-05,0.001,0,2
"c,r",0.44562500000000005;0.45,1.47;1.48,4.374999999999966e-05,0.001,0,2
"c,r",0.44562500000000005;0.45,1.49;1.5,4.374999999999966e-05,0.001,0,2
"c,r",0.44562500000000005;0.45,1.46;1.47,4.374999999999966e-05,0.001,0,2
"c,r",0.44125000000000003;0.44562500000000005,1.46;1.47,4.3750000000000216e-05,0.001,0,2
"c,r",0.44125000000000003;0.44562500000000005,1.48;1.49,4.3750000000000216e-05,0.001,0,2
"c,r",0.436875;0.44125000000000003,1.42;1.43,4.3750000000000216e-05,0.001,0,2
"c,r",0.4325;0.436875,1.42;1.43,4.3750000000000216e-05,0.001,0,2
"c,r",0.44125000000000003;0.44562500000000005,1.49;1.5,4.3750000000000216e-05,0.001,0,2
"c,r",0.436875;0.44125000000000003,1.43;1.44,4.3750000000000216e-05,0.001,0,2
"c,r",0.4325;0.436875,1.43;1.44,4.3750000000000216e-05,0.001,0,2
"c,r",2.2;2.21,1.6500000000000001;1.6600000000000001,9.999999999999796e-05,0.001,0,2
"c,r",0.8300000000000001;0.84,0.8300000000000001;0.84,9.999999999999796e-05,0.001,0,1
"c,r",1.55;1.56,2.2600000000000002;2.27,9.999999999999796e-05,0.001,0,2
"c,r",0.8300000000000001;0.84,0.67;0.68,9.999999999999907e-05,0.001,0,1
"c,r",0.7000000000000001;0.71,0.75;0.76,9.999999999999907e-05,0.001,0,1
"c,r",0.7000000000000001;0.71,0.8;0.81,9.999999999999907e-05,0.001,0,1
"c,r",0.8;0.81,0.7000000000000001;0.71,9.999999999999907e-05,0.001,0,1
"c,r",1.93;1.94,0.5700000000000001;0.58,9.999999999999907e-05,0.001,0,2
"c,r",0.31;0.32,0.9500000000000001;0.96,9.999999999999907e-05,0.001,0,1
"c,r",0.5700000000000001;0.58,1.1400000000000001;1.1500000000000001,9.999999999999907e-05,0.001,0,1
"c,r",0.8300000000000001;0.84,0.75;0.76,9.999999999999907e-05,0.001,0,1
"c,r",0.47000000000000003;0.48,1.1400000000000001;1.1500000000000001,9.999999999999963e-05,0.001,0,1
"c,r",0.47000000000000003;0.48,1.1400000000000001;1.1500000000000001,9.999999999999963e-05,0.001,0,1
"c,r",0.47000000000000003;0.48,1.16;1.17,9.999999999999963e-05,0.001,0,1
"c,r",0.66;0.67,0.66;0.67,0.00010000000000000018,0.0010000000000000009,0,1
"c,r",0.56;0.5700000000000001,1.07;1.08,0.00010000000000000018,0.0010000000000000009,0,1
"c,r",0.8200000000000001;0.8300000000000001,0.68;0.6900000000000001,0.00010000000000000018,0.0010000000000000009,0,1
"c,r",0.43;0.44,1.21;1.22,0.00010000000000000018,0.0010000000000000009,0,1
"c,r",0.53;0.54,1.18;1.19,0.00010000000000000018,0.0010000000000000009,0,1
"c,r",0.43;0.44,1.1400000000000001;1.1500000000000001,0.00010000000000000018,0.0010000000000000009,0,1
"c,r",0.45;0.46,1.09;1.1,0.00010000000000000018,0.0010000000000000009,0,1
"c,r",0.73;0.74,0.75;0.76,0.00010000000000000018,0.0010000000000000009,0,1
"c,r",0.45;0.46,1.1400000000000001;1.1500000000000001,0.00010000000000000018,0.0010000000000000009,0,1
"c,r",0.8200000000000001;0.8300000000000001,0.75;0.76,0.00010000000000000018,0.0010000000000000009,0,1
"c,r",0.65;0.66,0.73;0.74,0.00010000000000000018,0.0010000000000000009,0,2
"c,r",0.31;0.32,1.1400000000000001;1.1500000000000001,0.00010000000000000018,0.0010000000000000009,0,1
"c,r",0.54;0.55,1.09;1.1,0.00010000000000000018,0.0010000000000000009,0,1
"c,r",0.56;0.5700000000000001,1.21;1.22,0.00010000000000000018,0.0010000000000000009,0,1
"c,r",0.4;0.41000000000000003,1.1400000000000001;1.1500000000000001,0.00010000000000000018,0.0010000000000000009,0,1
"c,r",0.38;0.39,1.26;1.27,0.00010000000000000018,0.0010000000000000009,0,1
"c,r",0.79;0.8,0.75;0.76,0.00010000000000000018,0.0010000000000000009,0,1
"c,r",0.8;0.81,0.8;0.81,0.00010000000000000018,0.0010000000000000009,0,1
"c,r",0.43;0.44,1.1400000000000001;1.1500000000000001,0.00010000000000000018,0.0010000000000000009,0,1
"c,r",0.56;0.5700000000000001,1.08;1.09,0.00010000000000000018,0.0010000000000000009,0,1
"c,r",0.31;0.32,1.33;1.34,0.00010000000000000018,0.0010000000000000009,0,1
"c,r",0.84;0.85,0.84;0.85,0.00010000000000000018,0.0010000000000000009,0,1
"c,r",0.42;0.43,1.22;1.23,0.00010000000000000018,0.0010000000000000009,0,1
"c,r",0.8;0.81,0.71;0.72,0.00010000000000000018,0.0010000000000000009,0,1
"c,r",0.8200000000000001;0.8300000000000001,0.75;0.76,0.00010000000000000018,0.0010000000000000009,0,1
"c,r",0.61;0.62,1.02;1.03,0.00010000000000000018,0.0010000000000000009,0,1
"c,r",0.81;0.8200000000000001,0.6900000000000001;0.7000000000000001,0.00010000000000000018,0.0010000000000000009,0,1
"c,r",0.76;0.77,1.23;1.24,0.00010000000000000018,0.0010000000000000009,0,2
"c,r",0.52;0.53,1.12;1.1300000000000001,0.00010000000000000018,0.0010000000000000009,0,1
"c,r",0.68;0.6900000000000001,1.1400000000000001;1.1500000000000001,0.00010000000000000018,0.0010000000000000009,0,1
"c,r",0.53;0.54,1.1400000000000001;1.1500000000000001,0.00010000000000000018,0.0010000000000000009,0,1
"c,r",0.75;0.76,0.75;0.76,0.00010000000000000018,0.0010000000000000009,0,1
"c,r",0.8200000000000001;0.8300000000000001,0.8200000000000001;0.8300000000000001,0.00010000000000000018,0.0010000000000000009,0,1
"c,r",0.53;0.54,1.17;1.18,0.00010000000000000018,0.0010000000000000009,0,1
"c,r",0.16;0.17,1.55;1.56,0.00010000000000000018,0.0010000000000000009,0,2
"c,r",0.75;0.76,0.72;0.73,0.00010000000000000018,0.0010000000000000009,0,1
"c,r",0.78;0.79,0.75;0.76,0.00010000000000000018,0.0010000000000000009,0,1
"c,r",0.68;0.6900000000000001,0.68;0.6900000000000001,0.00010000000000000018,0.0010000000000000009,0,1
"c,r",0.42;0.43,1.1400000000000001;1.1500000000000001,0.00010000000000000018,0.0010000000000000009,0,1
"c,r",0.75;0.76,0.73;0.74,0.00010000000000000018,0.0010000000000000009,0,1
"c,r",0.52;0.53,1.12;1.1300000000000001,0.00010000000000000018,0.0010000000000000009,0,1
"c,r",0.87;0.88,0.75;0.76,0.00010000000000000018,0.0010000000000000009,0,1
"c,r",0.59;0.6,1.23;1.24,0.00010000000000000018,0.0010000000000000009,0,1
"c,r",0.72;0.73,0.79;0.8,0.00010000000000000018,0.0010000000000000009,0,1
"c,r",0.73;0.74,0.75;0.76,0.00010000000000000018,0.0010000000000000009,0,1
"c,r",0.56;0.5700000000000001,1.1400000000000001;1.1500000000000001,0.00010000000000000018,0.0010000000000000009,0,1
"c,r",0.45;0.46,1.19;1.2,0.00010000000000000018,0.0010000000000000009,0,1
"c,r",0.72;0.73,0.75;0.76,0.00010000000000000018,0.0010000000000000009,0,1
"c,r",0.43;0.44,1.08;1.09,0.00010000000000000018,0.0010000000000000009,0,1
"c,r",0.79;0.8,0.72;0.73,0.00010000000000000018,0.0010000000000000009,0,1
"c,r",0.43;0.44,1.21;1.22,0.00010000000000000018,0.0010000000000000009,0,1
"c,r",0.87;0.88,0.87;0.88,0.00010000000000000018,0.0010000000000000009,0,1
"c,r",0.46;0.47000000000000003,1.1400000000000001;1.1500000000000001,0.00010000000000000018,0.0010000000000000009,0,1
"c,r",0.68;0.6900000000000001,0.68;0.6900000000000001,0.00010000000000000018,0.0010000000000000009,0,1
"c,r",0.63;0.64,0.75;0.76,0.00010000000000000018,0.0010000000000000009,0,1
"c,r",1.6400000000000001;1.6500000000000001,1.35;1.36,0.00010000000000000018,0.0010000000000000009,0,2
"c,r",0.56;0.5700000000000001,1.21;1.22,0.00010000000000000018,0.0010000000000000009,0,1
"c,r",0.46;0.47000000000000003,1.1400000000000001;1.1500000000000001,0.00010000000000000018,0.0010000000000000009,0,1
"c,r",0.52;0.53,1.16;1.17,0.00010000000000000018,0.0010000000000000009,0,1
"c,r",0.54;0.55,1.09;1.1,0.00010000000000000018,0.0010000000000000009,0,1
"c,r",0.46;0.47000000000000003,1.11;1.12,0.00010000000000000018,0.0010000000000000009,0,1
"c,r",0.84;0.85,0.75;0.76,0.00010000000000000018,0.0010000000000000009,0,1
"c,r",0.91;0.92,1.47;1.48,0.00010000000000000018,0.0010000000000000009,0,2
"c,r",0.75;0.76,0.84;0.85,0.00010000000000000018,0.0010000000000000009,0,1
"c,r",0.78;0.79,0.72;0.73,0.00010000000000000018,0.0010000000000000009,0,1
"c,r",0.56;0.5700000000000001,1.1400000000000001;1.1500000000000001,0.00010000000000000018,0.0010000000000000009,0,1
"c,r",0.43;0.44,1.07;1.08,0.00010000000000000018,0.0010000000000000009,0,1
"c,r",0.43;0.44,1.08;1.09,0.00010000000000000018,0.0010000000000000009,0,1
"c,r",0.8200000000000001;0.8300000000000001,0.8200000000000001;0.8300000000000001,0.00010000000000000018,0.0010000000000000009,0,1
"c,r",0.67;0.68,0.67;0.68,0.00010000000000000018,0.0010000000000000009,0,1
"c,r",0.8;0.81,0.75;0.76,0.00010000000000000018,0.0010000000000000009,0,1
"c,r",0.68;0.6900000000000001,0.75;0.76,0.00010000000000000018,0.0010000000000000009,0,1
"c,r",0.56;0.5700000000000001,1.21;1.22,0.00010000000000000018,0.0010000000000000009,0,1
"c,r",0.38;0.39,1.1400000000000001;1.1500000000000001,0.00010000000000000018,0.0010000000000000009,0,1
"c,r",0.8200000000000001;0.8300000000000001,0.75;0.76,0.00010000000000000018,0.0010000000000000009,0,1
"c,r",0.42;0.43,1.06;1.07,0.00010000000000000018,0.0010000000000000009,0,1
"c,r",0.52;0.53,1.1400000000000001;1.1500000000000001,0.00010000000000000018,0.0010000000000000009,0,1
"c,r",0.73;0.74,0.73;0.74,0.00010000000000000018,0.0010000000000000009,0,1
"c,r",0.52;0.53,1.1400000000000001;1.1500000000000001,0.00010000000000000018,0.0010000000000000009,0,1
"c,r",0.68;0.6900000000000001,0.8200000000000001;0.8300000000000001,0.00010000000000000018,0.0010000000000000009,0,1
"c,r",0.75;0.76,0.75;0.76,0.00010000000000000018,0.0010000000000000009,0,1
"c,r",0.53;0.54,1.1400000000000001;1.1500000000000001,0.00010000000000000018,0.0010000000000000009,0,1
"c,r",0.43;0.44,1.1400000000000001;1.1500000000000001,0.00010000000000000018,0.0010000000000000009,0,1
"c,r",0.46;0.47000000000000003,1.17;1.18,0.00010000000000000018,0.0010000000000000009,0,1
"c,r",0.64;0.65,0.87;0.88,0.00010000000000000018,0.0010000000000000009,0,1
"c,r",0.64;0.65,0.75;0.76,0.00010000000000000018,0.0010000000000000009,0,1
"c,r",0.38;0.39,1.02;1.03,0.00010000000000000018,0.0010000000000000009,0,1
"c,r",0.8200000000000001;0.8300000000000001,0.8200000000000001;0.8300000000000001,0.00010000000000000018,0.0010000000000000009,0,1
"c,r",0.75;0.76,0.75;0.76,0.00010000000000000018,0.0010000000000000009,0,1
"c,r",0.56;0.5700000000000001,0.56;0.5700000000000001,0.00010000000000000018,0.0010000000000000009,0,1
"c,r",0.64;0.65,0.64;0.65,0.00010000000000000018,0.0010000000000000009,0,1
"c,r",0.73;0.74,0.78;0.79,0.00010000000000000018,0.0010000000000000009,0,1
"c,r",0.61;0.62,1.1400000000000001;1.1500000000000001,0.00010000000000000018,0.0010000000000000009,0,1
"c,r",0.73;0.74,0.77;0.78,0.00010000000000000018,0.0010000000000000009,0,1
"c,r",0.4;0.41000000000000003,1.23;1.24,0.00010000000000000018,0.0010000000000000009,0,1
"c,r",0.68;0.6900000000000001,0.75;0.76,0.00010000000000000018,0.0010000000000000009,0,1
"c,r",0.75;0.76,0.75;0.76,0.00010000000000000018,0.0010000000000000009,0,1
"c,r",0.9400000000000001;0.9500000000000001,0.9400000000000001;0.9500000000000001,0.00010000000000000018,0.0010000000000000009,0,1
"c,r",0.72;0.73,0.75;0.76,0.00010000000000000018,0.0010000000000000009,0,1
"c,r",0.6900000000000001;0.7000000000000001,0.6900000000000001;0.7000000000000001,0.00010000000000000018,0.0010000000000000009,0,1
"c,r",0.75;0.76,0.67;0.68,0.00010000000000000018,0.0010000000000000009,0,1
"c,r",0.68;0.6900000000000001,0.8200000000000001;0.8300000000000001,0.00010000000000000018,0.0010000000000000009,0,1
"c,r",0.78;0.79,0.78;0.79,0.00010000000000000018,0.0010000000000000009,0,1
"c,r",0.61;0.62,1.02;1.03,0.00010000000000000018,0.0010000000000000009,0,1
"c,r",0.72;0.73,0.72;0.73,0.00010000000000000018,0.0010000000000000009,0,1
"c,r",0.59;0.6,1.05;1.06,0.00010000000000000018,0.0010000000000000009,0,1
"c,r",0.72;0.73,0.72;0.73,0.00010000000000000018,0.0010000000000000009,0,1
"c,r",0.56;0.5700000000000001,1.21;1.22,0.00010000000000000018,0.0010000000000000009,0,1
"c,r",0.46;0.47000000000000003,1.11;1.12,0.00010000000000000018,0.0010000000000000009,0,1
"c,r",0.87;0.88,0.63;0.64,0.00010000000000000018,0.0010000000000000009,0,1
"c,r",0.56;0.5700000000000001,0.9400000000000001;0.9500000000000001,0.00010000000000000018,0.0010000000000000009,0,1
"c,r",0.75;0.76,0.66;0.67,0.00010000000000000018,0.0010000000000000009,0,1
"c,r",0.63;0.64,0.87;0.88,0.00010000000000000018,0.0010000000000000009,0,1
"c,r",0.8;0.81,0.75;0.76,0.00010000000000000018,0.0010000000000000009,0,1
"c,r",0.8200000000000001;0.8300000000000001,0.68;0.6900000000000001,0.00010000000000000018,0.0010000000000000009,0,1
"c,r",0.78;0.79,0.78;0.79,0.00010000000000000018,0.0010000000000000009,0,1
"c,r",0.75;0.76,0.6900000000000001;0.7000000000000001,0.00010000000000000018,0.0010000000000000009,0,1
"c,r",1.99;2.0,2.69;2.7,0.0001000000000000024,0.0010000000000000009,0,2
"c,r",2.52;2.5300000000000002,0.46;0.47000000000000003,0.0001000000000000024,0.0010000000000000009,0,2
"c,r",0.5887500000000001;0.5975,1.131875;1.1512499999999999,0.00016953124999999784,0.001,0,2
"c,r",0.5975;0.60625,1.131875;1.1512499999999999,0.00016953124999999784,0.001,0,2
"c,r",0.5887500000000001;0.5975,1.1124999999999998;1.131875,0.0001695312499999998,0.001,0,2
"c,r",0.60625;0.615,1.131875;1.1512499999999999,0.00016953124999999998,0.001,0,2
"c,r",0.5800000000000001;0.5887500000000001,1.131875;1.1512499999999999,0.00016953124999999998,0.001,0,2
"c,r",0.60625;0.615,1.1124999999999998;1.131875,0.00016953125000000193,0.001,0,2
"c,r",0.5800000000000001;0.5887500000000001,1.1124999999999998;1.131875,0.00016953125000000193,0.001,0,2
"c,r",0.42375;0.4325,1.3399999999999999;1.3599999999999999,0.00017499999999999975,0.001,0,2
"c,r",0.44125000000000003;0.45,1.44;1.46,0.00017499999999999975,0.001,0,2
"c,r",0.42375;0.4325,1.3599999999999999;1.38,0.00017499999999999975,0.001,0,2
"c,r",0.41500000000000004;0.42375,1.3599999999999999;1.38,0.00017499999999999975,0.001,0,2
"c,r",0.41500000000000004;0.42375,1.3399999999999999;1.3599999999999999,0.00017499999999999975,0.001,0,2
"c,r",0.44125000000000003;0.45,1.42;1.44,0.00017499999999999975,0.001,0,2
"c,r",0.4325;0.44125000000000003,1.48;1.5,0.00017500000000000087,0.001,0,2
"c,r",0.4325;0.44125000000000003,1.46;1.48,0.00017500000000000087,0.001,0,2
"c,r",0.4325;0.44125000000000003,1.44;1.46,0.00017500000000000087,0.001,0,2
"c,r",0.8456250000000001;0.85875,0.625;0.63875,0.00018046874999999972,0.0013124999999999942,0,2
"c,r",0.8456250000000001;0.85875,0.63875;0.6525000000000001,0.00018046874999999972,0.0013124999999999942,0,2
"c,r",0.8325;0.8456250000000001,0.63875;0.6525000000000001,0.00018046875000000127,0.0013125000000000055,0,2
"c,r",0.8325;0.8456250000000001,0.625;0.63875,0.00018046875000000127,0.0013125000000000055,0,2
"c,r",0.6325000000000001;0.65,1.07375;1.1124999999999998,0.0006781249999999957,0.0017499999999999961,0,2
"c,r",0.5975;0.615,0.88;0.91875,0.0006781249999999976,0.0017499999999999961,0,2
"c,r",0.5800000000000001;0.5975,0.88;0.91875,0.0006781249999999976,0.0017499999999999961,0,2
"c,r",0.5275000000000001;0.545,0.88;0.91875,0.0006781249999999976,0.0017499999999999961,0,2
"c,r",0.5275000000000001;0.545,0.91875;0.9575,0.0006781249999999996,0.0017499999999999961,0,2
"c,r",0.6325000000000001;0.65,1.035;1.07375,0.0006781249999999996,0.0017499999999999961,0,2
"c,r",0.5975;0.615,1.1512499999999999;1.19,0.0006781249999999996,0.0017499999999999961,0,2
"c,r",0.5800000000000001;0.5975,0.91875;0.9575,0.0006781249999999996,0.0017499999999999961,0,2
"c,r",0.5975;0.615,0.91875;0.9575,0.0006781249999999996,0.0017499999999999961,0,2
"c,r",0.5800000000000001;0.5975,1.1512499999999999;1.19,0.0006781249999999996,0.0017499999999999961,0,2
"c,r",0.615;0.6325000000000001,1.07375;1.1124999999999998,0.0006781249999999999,0.0017500000000000072,0,2
"c,r",0.51;0.5275000000000001,0.88;0.91875,0.0006781250000000019,0.0017500000000000072,0,2
"c,r",0.51;0.5275000000000001,0.91875;0.9575,0.0006781250000000038,0.0017500000000000072,0,2
"c,r",0.615;0.6325000000000001,1.035;1.07375,0.0006781250000000038,0.0017500000000000072,0,2
"c,r",0.41500000000000004;0.4325,1.38;1.42,0.000699999999999999,0.0017499999999999961,0,2
"c,r",0.41500000000000004;0.4325,1.42;1.46,0.000699999999999999,0.0017499999999999961,0,2
"c,r",0.41500000000000004;0.4325,1.46;1.5,0.000699999999999999,0.0017499999999999961,0,2
"c,r",0.4325;0.45,1.3399999999999999;1.38,0.0007000000000000013,0.0017500000000000016,0,2
"c,r",0.4325;0.45,1.38;1.42,0.0007000000000000013,0.0017500000000000016,0,2
"c,r",0.85875;0.885,0.6525000000000001;0.68,0.0007218749999999991,0.0026249999999999997,0,2
"c,r",0.8325;0.85875,0.6525000000000001;0.68,0.0007218749999999991,0.0026249999999999997,0,2
"c,r",0.85875;0.885,0.625;0.6525000000000001,0.000721875000000002,0.0026249999999999997,0,2
"c,r",0.5800000000000001;0.615,0.9575;1.035,0.0027124999999999905,0.0034999999999999923,0,2
"c,r",0.5800000000000001;0.615,1.035;1.1124999999999998,0.0027124999999999905,0.0034999999999999923,0,2
"c,r",0.41500000000000004;0.45,0.9575;1.035,0.002712499999999995,0.003499999999999998,0,2
"c,r",0.41500000000000004;0.45,0.88;0.9575,0.0027124999999999988,0.003499999999999998,0,2
"c,r",0.615;0.65,0.9575;1.035,0.002712499999999999,0.003500000000000003,0,2
"c,r",0.51;0.545,0.9575;1.035,0.002712499999999999,0.003500000000000003,0,2
"c,r",0.545;0.5800000000000001,0.9575;1.035,0.002712499999999999,0.003500000000000003,0,2
"c,r",0.38;0.41500000000000004,0.9575;1.035,0.002712499999999999,0.003500000000000003,0,2
"c,r",0.545;0.5800000000000001,0.88;0.9575,0.0027125000000000027,0.003500000000000003,0,2
"c,r",0.38;0.41500000000000004,0.88;0.9575,0.0027125000000000027,0.003500000000000003,0,2
"c,r",0.615;0.65,0.88;0.9575,0.0027125000000000027,0.003500000000000003,0,2
"c,r",0.615;0.65,1.1124999999999998;1.19,0.0027125000000000066,0.003500000000000003,0,2
"c,r",0.45;0.485,1.42;1.5,0.0028000000000000004,0.003499999999999998,0,2
"c,r",0.45;0.485,1.3399999999999999;1.42,0.0028000000000000004,0.003499999999999998,0,2
"c,r",0.38;0.41500000000000004,1.42;1.5,0.002800000000000005,0.003500000000000003,0,2
"c,r",0.485;0.52,1.3399999999999999;1.42,0.002800000000000005,0.003500000000000003,0,2
"c,r",0.485;0.52,1.42;1.5,0.002800000000000005,0.003500000000000003,0,2
"c,r",0.38;0.41500000000000004,1.3399999999999999;1.42,0.002800000000000005,0.003500000000000003,0,2
"c,r",0.78;0.8325,0.5700000000000001;0.625,0.0028874999999999964,0.0052499999999999995,0,2
"c,r",0.8325;0.885,0.5700000000000001;0.625,0.0028874999999999964,0.0052499999999999995,0,2
"c,r",0.78;0.8325,0.625;0.68,0.002887500000000002,0.0052499999999999995,0,2
"c,r",0.45;0.52,0.88;1.035,0.010849999999999995,0.007000000000000001,0,2
"c,r",0.45;0.52,1.035;1.19,0.010850000000000004,0.007000000000000001,0,2
"c,r",0.38;0.45,1.035;1.19,0.010850000000000004,0.007000000000000001,0,2
"c,r",0.51;0.5800000000000001,1.035;1.19,0.01085000000000001,0.007000000000000006,0,2
"c,r",0.45;0.52,1.18;1.3399999999999999,0.011199999999999995,0.007000000000000001,0,2
"c,r",0.38;0.45,1.18;1.3399999999999999,0.011199999999999995,0.007000000000000001,0,2
"c,r",0.885;0.99,0.5700000000000001;0.68,0.011549999999999996,0.010499999999999999,0,2
"c,r",0.885;0.99,0.68;0.79,0.011549999999999996,0.010499999999999999,0,2
"c,r",0.5700000000000001;0.68,0.78;0.885,0.011549999999999996,0.010499999999999999,0,2
"c,r",0.68;0.79,0.78;0.885,0.011549999999999996,0.010499999999999999,0,2
"c,r",0.5700000000000001;0.68,0.885;0.99,0.011549999999999996,0.010499999999999999,0,2
"c,r",0.68;0.79,0.885;0.99,0.011549999999999996,0.010499999999999999,0,2
"c,r",0.78;0.885,0.68;0.79,0.011549999999999996,0.010499999999999999,0,2
"c,r",0.78;0.99,0.78;0.99,0.044099999999999986,0.020999999999999998,0,2
"c,r",0.51;0.65,1.18;1.5,0.04480000000000001,0.014000000000000002,0,2
"c,r",0.5700000000000001;0.79,0.5700000000000001;0.79,0.04839999999999999,0.022,0,2
